date,hour,mnt_auto_solved
6/1/2025,0,0
6/1/2025,1,0
6/1/2025,6,0
6/1/2025,7,0
6/1/2025,8,0
6/1/2025,9,0
6/1/2025,10,0
6/1/2025,11,0
6/1/2025,12,0
6/1/2025,13,2
6/1/2025,14,6
6/1/2025,15,0
6/1/2025,16,6
6/1/2025,17,3
6/1/2025,18,0
6/1/2025,19,1
6/1/2025,20,2
6/1/2025,21,0
6/1/2025,22,2
6/1/2025,23,0
6/2/2025,0,0
6/2/2025,2,0
6/2/2025,6,0
6/2/2025,7,1
6/2/2025,8,2
6/2/2025,9,0
6/2/2025,10,6
6/2/2025,11,3
6/2/2025,12,4
6/2/2025,13,8
6/2/2025,14,10
6/2/2025,15,9
6/2/2025,16,9
6/2/2025,17,1
6/2/2025,18,2
6/2/2025,19,0
6/2/2025,20,2
6/2/2025,21,6
6/2/2025,22,0
6/2/2025,23,1
6/3/2025,0,0
6/3/2025,1,0
6/3/2025,2,0
6/3/2025,6,1
6/3/2025,7,0
6/3/2025,8,1
6/3/2025,9,1
6/3/2025,10,7
6/3/2025,11,3
6/3/2025,12,10
6/3/2025,13,15
6/3/2025,14,9
6/3/2025,15,4
6/3/2025,16,2
6/3/2025,17,1
6/3/2025,18,3
6/3/2025,19,2
6/3/2025,20,0
6/3/2025,21,7
6/3/2025,22,1
6/3/2025,23,0
6/4/2025,0,0
6/4/2025,2,0
6/4/2025,5,0
6/4/2025,6,0
6/4/2025,7,0
6/4/2025,8,0
6/4/2025,9,1
6/4/2025,10,1
6/4/2025,11,1
6/4/2025,12,1
6/4/2025,13,13
6/4/2025,14,2
6/4/2025,15,6
6/4/2025,16,5
6/4/2025,17,2
6/4/2025,18,0
6/4/2025,19,2
6/4/2025,20,1
6/4/2025,21,4
6/4/2025,22,2
6/4/2025,23,0
6/5/2025,0,0
6/5/2025,1,0
6/5/2025,2,0
6/5/2025,4,0
6/5/2025,5,0
6/5/2025,6,0
6/5/2025,7,1
6/5/2025,8,1
6/5/2025,9,2
6/5/2025,10,3
6/5/2025,11,1
6/5/2025,12,0
6/5/2025,13,6
6/5/2025,14,7
6/5/2025,15,0
6/5/2025,16,9
6/5/2025,17,0
6/5/2025,18,4
6/5/2025,19,1
6/5/2025,20,0
6/5/2025,21,3
6/5/2025,22,0
6/5/2025,23,0
6/6/2025,0,0
6/6/2025,1,0
6/6/2025,2,0
6/6/2025,3,0
6/6/2025,5,0
6/6/2025,6,0
6/6/2025,7,0
6/6/2025,8,2
6/6/2025,9,2
6/6/2025,10,2
6/6/2025,11,0
6/6/2025,12,1
6/6/2025,13,5
6/6/2025,14,5
6/6/2025,15,14
6/6/2025,16,13
6/6/2025,17,0
6/6/2025,18,0
6/6/2025,19,2
6/6/2025,20,0
6/6/2025,21,3
6/6/2025,22,2
6/6/2025,23,0
6/7/2025,0,0
6/7/2025,2,0
6/7/2025,3,0
6/7/2025,4,0
6/7/2025,5,0
6/7/2025,6,0
6/7/2025,7,0
6/7/2025,8,0
6/7/2025,9,0
6/7/2025,10,0
6/7/2025,11,0
6/7/2025,12,0
6/7/2025,13,1
6/7/2025,14,0
6/7/2025,15,2
6/7/2025,16,2
6/7/2025,17,1
6/7/2025,18,1
6/7/2025,19,1
6/7/2025,20,2
6/7/2025,21,0
6/7/2025,22,0
6/7/2025,23,0
6/8/2025,0,1
6/8/2025,1,0
6/8/2025,2,0
6/8/2025,3,0
6/8/2025,4,0
6/8/2025,5,0
6/8/2025,6,0
6/8/2025,7,0
6/8/2025,8,0
6/8/2025,9,0
6/8/2025,10,2
6/8/2025,11,0
6/8/2025,12,0
6/8/2025,13,0
6/8/2025,14,1
6/8/2025,15,0
6/8/2025,16,6
6/8/2025,17,2
6/8/2025,18,4
6/8/2025,19,1
6/8/2025,20,3
6/8/2025,21,0
6/8/2025,22,0
6/8/2025,23,0
6/9/2025,1,0
6/9/2025,2,0
6/9/2025,3,0
6/9/2025,6,0
6/9/2025,7,0
6/9/2025,8,0
6/9/2025,9,5
6/9/2025,10,5
6/9/2025,11,2
6/9/2025,12,4
6/9/2025,13,5
6/9/2025,14,12
6/9/2025,15,10
6/9/2025,16,4
6/9/2025,17,1
6/9/2025,18,3
6/9/2025,19,0
6/9/2025,20,0
6/9/2025,21,3
6/9/2025,22,4
6/9/2025,23,0
6/10/2025,0,0
6/10/2025,1,0
6/10/2025,6,0
6/10/2025,7,0
6/10/2025,8,1
6/10/2025,9,0
6/10/2025,10,2
6/10/2025,11,1
6/10/2025,12,10
6/10/2025,13,8
6/10/2025,14,3
6/10/2025,15,7
6/10/2025,16,5
6/10/2025,17,0
6/10/2025,18,0
6/10/2025,19,0
6/10/2025,20,0
6/10/2025,21,7
6/10/2025,22,4
6/10/2025,23,1
6/11/2025,0,0
6/11/2025,1,0
6/11/2025,2,0
6/11/2025,3,0
6/11/2025,4,0
6/11/2025,5,0
6/11/2025,6,0
6/11/2025,7,1
6/11/2025,8,2
6/11/2025,9,2
6/11/2025,10,1
6/11/2025,11,1
6/11/2025,12,2
6/11/2025,13,11
6/11/2025,14,5
6/11/2025,15,7
6/11/2025,16,5
6/11/2025,17,0
6/11/2025,18,4
6/11/2025,19,1
6/11/2025,20,3
6/11/2025,21,5
6/11/2025,22,1
6/11/2025,23,0
6/12/2025,0,0
6/12/2025,1,0
6/12/2025,2,0
6/12/2025,3,0
6/12/2025,5,0
6/12/2025,6,0
6/12/2025,7,1
6/12/2025,8,3
6/12/2025,9,0
6/12/2025,10,3
6/12/2025,11,2
6/12/2025,12,6
6/12/2025,13,9
6/12/2025,14,7
6/12/2025,15,0
6/12/2025,16,0
6/12/2025,17,0
6/12/2025,18,0
6/12/2025,19,0
6/12/2025,20,1
6/12/2025,21,4
6/12/2025,22,8
6/12/2025,23,3
6/13/2025,0,0
6/13/2025,1,0
6/13/2025,2,0
6/13/2025,3,0
6/13/2025,4,0
6/13/2025,5,0
6/13/2025,6,0
6/13/2025,7,0
6/13/2025,8,1
6/13/2025,9,3
6/13/2025,10,4
6/13/2025,11,1
6/13/2025,12,0
6/13/2025,13,7
6/13/2025,14,14
6/13/2025,15,5
6/13/2025,16,4
6/13/2025,17,1
6/13/2025,18,1
6/13/2025,19,0
6/13/2025,20,3
6/13/2025,21,2
6/13/2025,22,1
6/13/2025,23,0
6/14/2025,0,0
6/14/2025,2,0
6/14/2025,3,0
6/14/2025,4,0
6/14/2025,5,0
6/14/2025,6,0
6/14/2025,7,0
6/14/2025,8,0
6/14/2025,9,0
6/14/2025,10,2
6/14/2025,11,2
6/14/2025,12,5
6/14/2025,13,2
6/14/2025,14,0
6/14/2025,15,0
6/14/2025,16,2
6/14/2025,17,3
6/14/2025,18,0
6/14/2025,19,0
6/14/2025,20,0
6/14/2025,21,1
6/14/2025,22,6
6/14/2025,23,1
6/15/2025,0,1
6/15/2025,1,1
6/15/2025,2,0
6/15/2025,3,0
6/15/2025,5,0
6/15/2025,6,0
6/15/2025,7,0
6/15/2025,8,0
6/15/2025,9,0
6/15/2025,10,0
6/15/2025,11,0
6/15/2025,12,0
6/15/2025,13,0
6/15/2025,14,5
6/15/2025,15,2
6/15/2025,16,0
6/15/2025,17,0
6/15/2025,18,0
6/15/2025,19,0
6/15/2025,20,0
6/15/2025,21,0
6/15/2025,22,0
6/15/2025,23,0
6/16/2025,0,0
6/16/2025,1,0
6/16/2025,2,0
6/16/2025,3,0
6/16/2025,4,0
6/16/2025,5,0
6/16/2025,6,0
6/16/2025,7,0
6/16/2025,8,0
6/16/2025,9,3
6/16/2025,10,0
6/16/2025,11,3
6/16/2025,12,0
6/16/2025,13,0
6/16/2025,14,1
6/16/2025,15,1
6/16/2025,16,2
6/16/2025,17,11
6/16/2025,18,4
6/16/2025,19,3
6/16/2025,20,2
6/16/2025,21,0
6/16/2025,22,0
6/16/2025,23,0
6/17/2025,0,0
6/17/2025,1,0
6/17/2025,2,0
6/17/2025,3,0
6/17/2025,4,0
6/17/2025,5,0
6/17/2025,6,0
6/17/2025,7,0
6/17/2025,8,1
6/17/2025,9,2
6/17/2025,10,4
6/17/2025,11,1
6/17/2025,12,1
6/17/2025,13,9
6/17/2025,14,11
6/17/2025,15,10
6/17/2025,16,7
6/17/2025,17,5
6/17/2025,18,3
6/17/2025,19,1
6/17/2025,20,3
6/17/2025,21,1
6/17/2025,22,2
6/17/2025,23,0
6/18/2025,0,0
6/18/2025,1,0
6/18/2025,2,0
6/18/2025,3,0
6/18/2025,4,0
6/18/2025,5,0
6/18/2025,6,0
6/18/2025,7,2
6/18/2025,8,1
6/18/2025,9,2
6/18/2025,10,4
6/18/2025,11,4
6/18/2025,12,3
6/18/2025,13,6
6/18/2025,14,6
6/18/2025,15,6
6/18/2025,16,2
6/18/2025,17,0
6/18/2025,18,3
6/18/2025,19,1
6/18/2025,20,0
6/18/2025,21,0
6/18/2025,22,0
6/18/2025,23,0
6/19/2025,0,0
6/19/2025,1,0
6/19/2025,2,0
6/19/2025,3,0
6/19/2025,4,0
6/19/2025,5,0
6/19/2025,6,0
6/19/2025,7,0
6/19/2025,8,2
6/19/2025,9,4
6/19/2025,10,5
6/19/2025,11,4
6/19/2025,12,4
6/19/2025,13,2
6/19/2025,14,3
6/19/2025,15,3
6/19/2025,16,6
6/19/2025,17,0
6/19/2025,18,0
6/19/2025,19,0
6/19/2025,20,0
6/19/2025,21,2
6/19/2025,22,2
6/19/2025,23,0
6/20/2025,0,0
6/20/2025,1,0
6/20/2025,2,0
6/20/2025,3,0
6/20/2025,4,0
6/20/2025,5,0
6/20/2025,6,0
6/20/2025,7,0
6/20/2025,8,1
6/20/2025,9,1
6/20/2025,10,5
6/20/2025,11,4
6/20/2025,12,5
6/20/2025,13,4
6/20/2025,14,3
6/20/2025,15,8
6/20/2025,16,3
6/20/2025,17,4
6/20/2025,18,1
6/20/2025,19,0
6/20/2025,20,2
6/20/2025,21,4
6/20/2025,22,1
6/20/2025,23,0
6/21/2025,0,0
6/21/2025,2,0
6/21/2025,3,0
6/21/2025,4,0
6/21/2025,5,0
6/21/2025,6,0
6/21/2025,7,0
6/21/2025,8,0
6/21/2025,9,0
6/21/2025,10,9
6/21/2025,11,2
6/21/2025,12,1
6/21/2025,13,2
6/21/2025,14,2
6/21/2025,15,1
6/21/2025,16,1
6/21/2025,17,2
6/21/2025,18,0
6/21/2025,19,2
6/21/2025,20,5
6/21/2025,21,3
6/21/2025,22,0
6/21/2025,23,0
6/22/2025,0,0
6/22/2025,1,0
6/22/2025,2,0
6/22/2025,3,0
6/22/2025,4,0
6/22/2025,5,0
6/22/2025,8,0
6/22/2025,9,0
6/22/2025,10,2
6/22/2025,11,0
6/22/2025,12,0
6/22/2025,13,0
6/22/2025,14,4
6/22/2025,15,0
6/22/2025,16,2
6/22/2025,17,1
6/22/2025,18,3
6/22/2025,19,1
6/23/2025,0,0
6/23/2025,6,0
6/23/2025,7,0
6/23/2025,8,2
6/23/2025,9,1
6/23/2025,10,4
6/23/2025,11,4
6/23/2025,12,2
6/23/2025,13,5
6/23/2025,14,1
6/23/2025,15,3
6/23/2025,16,8
6/23/2025,17,0
6/23/2025,18,1
6/23/2025,19,1
6/23/2025,20,1
6/23/2025,21,7
6/23/2025,22,4
6/23/2025,23,3
6/24/2025,0,0
6/24/2025,1,0
6/24/2025,2,0
6/24/2025,3,0
6/24/2025,4,0
6/24/2025,5,0
6/24/2025,6,0
6/24/2025,7,0
6/24/2025,8,0
6/24/2025,9,3
6/24/2025,10,1
6/24/2025,11,4
6/24/2025,12,7
6/24/2025,13,7
6/24/2025,14,4
6/24/2025,15,4
6/24/2025,16,4
6/24/2025,17,2
6/24/2025,18,0
6/24/2025,19,3
6/24/2025,20,2
6/24/2025,21,4
6/24/2025,22,0
6/24/2025,23,0
6/25/2025,0,0
6/25/2025,1,0
6/25/2025,2,0
6/25/2025,3,0
6/25/2025,4,0
6/25/2025,6,0
6/25/2025,7,0
6/25/2025,8,0
6/25/2025,9,0
6/25/2025,10,3
6/25/2025,11,1
6/25/2025,12,0
6/25/2025,13,1
6/25/2025,14,4
6/25/2025,15,7
6/25/2025,16,8
6/25/2025,17,1
6/25/2025,18,1
6/25/2025,19,0
6/25/2025,20,1
6/25/2025,21,2
6/25/2025,22,3
6/25/2025,23,0
6/26/2025,0,0
6/26/2025,1,0
6/26/2025,2,0
6/26/2025,3,0
6/26/2025,4,0
6/26/2025,5,0
6/26/2025,6,0
6/26/2025,7,0
6/26/2025,8,1
6/26/2025,9,4
6/26/2025,10,6
6/26/2025,11,5
6/26/2025,12,0
6/26/2025,13,10
6/26/2025,14,2
6/26/2025,15,8
6/26/2025,16,3
6/26/2025,17,0
6/26/2025,18,0
6/26/2025,19,1
6/26/2025,20,5
6/26/2025,21,2
6/26/2025,22,0
6/26/2025,23,0
6/27/2025,0,0
6/27/2025,1,0
6/27/2025,2,0
6/27/2025,3,0
6/27/2025,4,0
6/27/2025,5,0
6/27/2025,6,0
6/27/2025,7,0
6/27/2025,8,4
6/27/2025,9,0
6/27/2025,10,0
6/27/2025,11,0
6/27/2025,12,4
6/27/2025,13,4
6/27/2025,14,6
6/27/2025,15,10
6/27/2025,16,2
6/27/2025,17,2
6/27/2025,18,1
6/27/2025,19,0
6/27/2025,20,3
6/27/2025,21,0
6/27/2025,22,0
6/27/2025,23,0
6/28/2025,0,0
6/28/2025,1,0
6/28/2025,2,0
6/28/2025,6,0
6/28/2025,7,0
6/28/2025,8,1
6/28/2025,9,0
6/28/2025,10,0
6/28/2025,11,0
6/28/2025,12,1
6/28/2025,13,1
6/28/2025,14,2
6/28/2025,15,1
6/28/2025,16,2
6/28/2025,17,6
6/28/2025,18,1
6/28/2025,19,0
6/28/2025,20,0
6/28/2025,21,1
6/28/2025,22,3
6/28/2025,23,0
6/29/2025,0,0
6/29/2025,1,0
6/29/2025,2,0
6/29/2025,3,0
6/29/2025,6,0
6/29/2025,7,0
6/29/2025,8,0
6/29/2025,9,0
6/29/2025,10,0
6/29/2025,11,3
6/29/2025,12,1
6/29/2025,13,1
6/29/2025,14,5
6/29/2025,15,0
6/29/2025,16,1
6/29/2025,17,0
6/29/2025,18,0
6/29/2025,19,2
6/29/2025,20,3
6/29/2025,21,1
6/29/2025,22,0
6/29/2025,23,0
6/30/2025,0,0
6/30/2025,1,0
6/30/2025,2,0
6/30/2025,3,0
6/30/2025,5,0
6/30/2025,6,0
6/30/2025,7,0
6/30/2025,8,1
6/30/2025,9,1
6/30/2025,10,4
6/30/2025,11,2
6/30/2025,12,0
6/30/2025,13,3
6/30/2025,14,4
6/30/2025,15,5
6/30/2025,16,8
6/30/2025,17,0
6/30/2025,18,1
6/30/2025,19,5
6/30/2025,20,0
6/30/2025,21,1
6/30/2025,22,1
6/30/2025,23,1
7/1/2025,0,0
7/1/2025,1,0
7/1/2025,2,0
7/1/2025,3,0
7/1/2025,5,0
7/1/2025,6,2
7/1/2025,7,0
7/1/2025,8,0
7/1/2025,9,4
7/1/2025,10,4
7/1/2025,11,3
7/1/2025,12,1
7/1/2025,13,4
7/1/2025,14,2
7/1/2025,15,3
7/1/2025,16,4
7/1/2025,17,3
7/1/2025,18,0
7/1/2025,19,3
7/1/2025,20,0
7/1/2025,21,2
7/1/2025,22,8
7/1/2025,23,1
7/2/2025,0,0
7/2/2025,1,0
7/2/2025,2,0
7/2/2025,3,0
7/2/2025,6,0
7/2/2025,7,0
7/2/2025,8,0
7/2/2025,9,1
7/2/2025,10,1
7/2/2025,11,0
7/2/2025,12,0
7/2/2025,13,5
7/2/2025,14,4
7/2/2025,15,2
7/2/2025,16,1
7/2/2025,17,1
7/2/2025,18,2
7/2/2025,19,3
7/2/2025,20,1
7/2/2025,21,7
7/2/2025,22,1
7/2/2025,23,0
7/3/2025,0,0
7/3/2025,1,0
7/3/2025,2,0
7/3/2025,3,0
7/3/2025,4,0
7/3/2025,5,0
7/3/2025,6,0
7/3/2025,7,2
7/3/2025,8,3
7/3/2025,9,7
7/3/2025,10,2
7/3/2025,11,4
7/3/2025,12,0
7/3/2025,13,3
7/3/2025,14,4
7/3/2025,15,8
7/3/2025,16,10
7/3/2025,17,1
7/3/2025,18,2
7/3/2025,19,7
7/3/2025,20,2
7/3/2025,21,4
7/3/2025,22,0
7/3/2025,23,0
7/4/2025,0,0
7/4/2025,1,0
7/4/2025,2,0
7/4/2025,3,0
7/4/2025,4,0
7/4/2025,5,0
7/4/2025,6,0
7/4/2025,7,1
7/4/2025,8,0
7/4/2025,9,0
7/4/2025,10,2
7/4/2025,11,0
7/4/2025,12,6
7/4/2025,13,4
7/4/2025,14,5
7/4/2025,15,6
7/4/2025,16,2
7/4/2025,17,2
7/4/2025,18,2
7/4/2025,19,1
7/4/2025,20,1
7/4/2025,21,7
7/4/2025,22,0
7/4/2025,23,0
7/5/2025,0,0
7/5/2025,1,0
7/5/2025,2,0
7/5/2025,3,0
7/5/2025,5,0
7/5/2025,6,0
7/5/2025,7,0
7/5/2025,8,0
7/5/2025,9,0
7/5/2025,10,0
7/5/2025,11,0
7/5/2025,12,1
7/5/2025,13,3
7/5/2025,14,0
7/5/2025,15,4
7/5/2025,16,0
7/5/2025,17,0
7/5/2025,18,0
7/5/2025,19,0
7/5/2025,20,0
7/5/2025,21,0
7/5/2025,22,0
7/5/2025,23,0
7/6/2025,0,0
7/6/2025,1,0
7/6/2025,2,0
7/6/2025,6,0
7/6/2025,7,0
7/6/2025,8,0
7/6/2025,9,0
7/6/2025,10,0
7/6/2025,11,0
7/6/2025,12,3
7/6/2025,13,6
7/6/2025,14,5
7/6/2025,15,0
7/6/2025,16,0
7/6/2025,17,1
7/6/2025,18,0
7/6/2025,19,0
7/6/2025,20,1
7/6/2025,21,1
7/6/2025,22,0
7/6/2025,23,1
7/7/2025,0,0
7/7/2025,1,0
7/7/2025,2,0
7/7/2025,3,0
7/7/2025,4,0
7/7/2025,5,0
7/7/2025,6,0
7/7/2025,7,0
7/7/2025,8,2
7/7/2025,9,5
7/7/2025,10,6
7/7/2025,11,8
7/7/2025,12,3
7/7/2025,13,6
7/7/2025,14,6
7/7/2025,15,2
7/7/2025,16,4
7/7/2025,17,0
7/7/2025,18,6
7/7/2025,19,1
7/7/2025,20,2
7/7/2025,21,14
7/7/2025,22,1
7/7/2025,23,1
7/8/2025,0,0
7/8/2025,1,0
7/8/2025,2,0
7/8/2025,3,0
7/8/2025,4,0
7/8/2025,5,0
7/8/2025,6,0
7/8/2025,7,0
7/8/2025,8,1
7/8/2025,9,4
7/8/2025,10,7
7/8/2025,11,3
7/8/2025,12,7
7/8/2025,13,10
7/8/2025,14,6
7/8/2025,15,5
7/8/2025,16,2
7/8/2025,17,1
7/8/2025,18,1
7/8/2025,19,0
7/8/2025,20,5
7/8/2025,21,1
7/8/2025,22,0
7/8/2025,23,0
7/9/2025,0,0
7/9/2025,1,0
7/9/2025,2,0
7/9/2025,3,0
7/9/2025,4,0
7/9/2025,5,0
7/9/2025,6,0
7/9/2025,7,2
7/9/2025,8,2
7/9/2025,9,4
7/9/2025,10,0
7/9/2025,11,2
7/9/2025,12,4
7/9/2025,13,3
7/9/2025,14,1
7/9/2025,15,4
7/9/2025,16,5
7/9/2025,17,1
7/9/2025,18,0
7/9/2025,19,0
7/9/2025,20,4
7/9/2025,21,1
7/9/2025,22,2
7/9/2025,23,0
7/10/2025,0,0
7/10/2025,1,0
7/10/2025,2,0
7/10/2025,3,0
7/10/2025,4,0
7/10/2025,5,0
7/10/2025,6,0
7/10/2025,7,0
7/10/2025,8,3
7/10/2025,9,2
7/10/2025,10,2
7/10/2025,11,4
7/10/2025,12,2
7/10/2025,13,4
7/10/2025,14,7
7/10/2025,15,2
7/10/2025,16,0
7/10/2025,17,0
7/10/2025,18,3
7/10/2025,19,2
7/10/2025,20,2
7/10/2025,21,12
7/10/2025,22,1
7/10/2025,23,0
7/11/2025,0,0
7/11/2025,1,0
7/11/2025,2,1
7/11/2025,3,1
7/11/2025,4,2
7/11/2025,5,0
7/11/2025,6,0
7/11/2025,7,0
7/11/2025,8,1
7/11/2025,9,2
7/11/2025,10,1
7/11/2025,11,8
7/11/2025,12,3
7/11/2025,13,6
7/11/2025,14,2
7/11/2025,15,4
7/11/2025,16,3
7/11/2025,17,0
7/11/2025,18,0
7/11/2025,19,2
7/11/2025,20,2
7/11/2025,21,2
7/11/2025,22,0
7/11/2025,23,0
7/12/2025,0,0
7/12/2025,2,0
7/12/2025,4,0
7/12/2025,5,0
7/12/2025,6,0
7/12/2025,7,0
7/12/2025,8,0
7/12/2025,9,1
7/12/2025,10,0
7/12/2025,11,1
7/12/2025,12,0
7/12/2025,13,0
7/12/2025,14,0
7/12/2025,15,1
7/12/2025,16,0
7/12/2025,17,0
7/12/2025,18,1
7/12/2025,19,2
7/12/2025,20,8
7/12/2025,21,1
7/12/2025,22,1
7/12/2025,23,1
7/13/2025,0,0
7/13/2025,1,1
7/13/2025,2,0
7/13/2025,3,0
7/13/2025,4,0
7/13/2025,5,0
7/13/2025,7,0
7/13/2025,8,0
7/13/2025,9,1
7/13/2025,10,0
7/13/2025,11,0
7/13/2025,12,7
7/13/2025,13,0
7/13/2025,14,0
7/13/2025,15,0
7/13/2025,16,0
7/13/2025,17,1
7/13/2025,18,1
7/13/2025,19,0
7/13/2025,20,1
7/13/2025,21,0
7/13/2025,22,0
7/13/2025,23,0
7/14/2025,0,0
7/14/2025,1,0
7/14/2025,2,0
7/14/2025,3,0
7/14/2025,4,0
7/14/2025,5,0
7/14/2025,6,0
7/14/2025,7,0
7/14/2025,8,2
7/14/2025,9,6
7/14/2025,10,4
7/14/2025,11,10
7/14/2025,12,1
7/14/2025,13,4
7/14/2025,14,4
7/14/2025,15,3
7/14/2025,16,10
7/14/2025,17,0
7/14/2025,18,0
7/14/2025,19,0
7/14/2025,20,0
7/14/2025,21,0
7/14/2025,22,3
7/14/2025,23,0
7/15/2025,0,0
7/15/2025,1,0
7/15/2025,2,0
7/15/2025,3,0
7/15/2025,5,0
7/15/2025,6,0
7/15/2025,7,1
7/15/2025,8,2
7/15/2025,9,3
7/15/2025,10,7
7/15/2025,11,6
7/15/2025,12,3
7/15/2025,13,3
7/15/2025,14,7
7/15/2025,15,2
7/15/2025,16,7
7/15/2025,17,1
7/15/2025,18,0
7/15/2025,19,0
7/15/2025,20,0
7/15/2025,21,0
7/15/2025,22,3
7/15/2025,23,5
7/16/2025,0,0
7/16/2025,1,0
7/16/2025,2,0
7/16/2025,3,0
7/16/2025,4,0
7/16/2025,5,0
7/16/2025,6,0
7/16/2025,7,0
7/16/2025,8,2
7/16/2025,9,7
7/16/2025,10,2
7/16/2025,11,2
7/16/2025,12,2
7/16/2025,13,8
7/16/2025,14,4
7/16/2025,15,2
7/16/2025,16,8
7/16/2025,17,3
7/16/2025,18,0
7/16/2025,19,0
7/16/2025,20,1
7/16/2025,21,6
7/16/2025,22,1
7/16/2025,23,0
7/17/2025,0,0
7/17/2025,1,0
7/17/2025,2,0
7/17/2025,3,0
7/17/2025,4,0
7/17/2025,6,0
7/17/2025,7,0
7/17/2025,8,4
7/17/2025,9,1
7/17/2025,10,4
7/17/2025,11,0
7/17/2025,12,1
7/17/2025,13,9
7/17/2025,14,6
7/17/2025,15,10
7/17/2025,16,1
7/17/2025,17,2
7/17/2025,18,2
7/17/2025,19,4
7/17/2025,20,0
7/17/2025,21,0
7/17/2025,22,0
7/17/2025,23,0
7/18/2025,0,0
7/18/2025,1,0
7/18/2025,2,0
7/18/2025,3,0
7/18/2025,4,2
7/18/2025,5,0
7/18/2025,6,0
7/18/2025,7,0
7/18/2025,8,1
7/18/2025,9,3
7/18/2025,10,4
7/18/2025,11,2
7/18/2025,12,5
7/18/2025,13,5
7/18/2025,14,2
7/18/2025,15,2
7/18/2025,16,3
7/18/2025,17,2
7/18/2025,18,1
7/18/2025,19,1
7/18/2025,20,0
7/18/2025,21,0
7/18/2025,22,1
7/18/2025,23,0
7/19/2025,0,0
7/19/2025,1,0
7/19/2025,2,0
7/19/2025,3,0
7/19/2025,6,0
7/19/2025,7,0
7/19/2025,8,0
7/19/2025,9,0
7/19/2025,10,1
7/19/2025,11,0
7/19/2025,12,0
7/19/2025,13,1
7/19/2025,14,1
7/19/2025,15,0
7/19/2025,16,0
7/19/2025,17,0
7/19/2025,18,0
7/19/2025,19,7
7/19/2025,20,9
7/19/2025,21,1
7/19/2025,22,0
7/19/2025,23,0
7/20/2025,0,0
7/20/2025,2,0
7/20/2025,4,0
7/20/2025,5,0
7/20/2025,6,0
7/20/2025,7,0
7/20/2025,8,1
7/20/2025,9,0
7/20/2025,10,0
7/20/2025,11,3
7/20/2025,12,5
7/20/2025,13,0
7/20/2025,14,1
7/20/2025,15,0
7/20/2025,16,1
7/20/2025,17,0
7/20/2025,18,0
7/20/2025,19,3
7/20/2025,20,3
7/20/2025,21,0
7/20/2025,22,0
7/21/2025,1,0
7/21/2025,5,0
7/21/2025,6,0
7/21/2025,7,0
7/21/2025,8,2
7/21/2025,9,2
7/21/2025,10,0
7/21/2025,11,1
7/21/2025,12,11
7/21/2025,13,3
7/21/2025,14,3
7/21/2025,15,4
7/21/2025,16,3
7/21/2025,17,1
7/21/2025,18,0
7/21/2025,19,0
7/21/2025,20,4
7/21/2025,21,4
7/21/2025,22,0
7/21/2025,23,0
7/22/2025,0,0
7/22/2025,1,0
7/22/2025,2,0
7/22/2025,4,0
7/22/2025,5,0
7/22/2025,6,0
7/22/2025,7,0
7/22/2025,8,1
7/22/2025,9,5
7/22/2025,10,3
7/22/2025,11,8
7/22/2025,12,2
7/22/2025,13,4
7/22/2025,14,5
7/22/2025,15,9
7/22/2025,16,2
7/22/2025,17,3
7/22/2025,18,0
7/22/2025,19,0
7/22/2025,20,0
7/22/2025,21,1
7/22/2025,22,5
7/22/2025,23,0
7/23/2025,0,0
7/23/2025,1,0
7/23/2025,2,0
7/23/2025,3,0
7/23/2025,5,0
7/23/2025,6,3
7/23/2025,7,0
7/23/2025,8,1
7/23/2025,9,0
7/23/2025,10,5
7/23/2025,11,6
7/23/2025,12,5
7/23/2025,13,7
7/23/2025,14,3
7/23/2025,15,5
7/23/2025,16,1
7/23/2025,17,2
7/23/2025,18,1
7/23/2025,19,5
7/23/2025,20,1
7/23/2025,21,1
7/23/2025,22,0
7/23/2025,23,0
1/1/2025,0,0
1/1/2025,1,0
1/1/2025,7,0
1/1/2025,8,0
1/1/2025,9,0
1/1/2025,10,0
1/1/2025,11,0
1/1/2025,12,0
1/1/2025,13,0
1/1/2025,14,0
1/1/2025,15,0
1/1/2025,16,0
1/1/2025,17,0
1/1/2025,18,0
1/1/2025,19,0
1/1/2025,20,0
1/1/2025,21,0
1/1/2025,22,0
1/1/2025,23,0
1/2/2025,0,9
1/2/2025,1,5
1/2/2025,2,0
1/2/2025,3,0
1/2/2025,5,0
1/2/2025,6,0
1/2/2025,7,0
1/2/2025,8,0
1/2/2025,9,0
1/2/2025,10,2
1/2/2025,11,3
1/2/2025,12,2
1/2/2025,13,7
1/2/2025,14,3
1/2/2025,15,3
1/2/2025,16,6
1/2/2025,17,0
1/2/2025,18,0
1/2/2025,19,0
1/2/2025,20,0
1/2/2025,21,0
1/2/2025,22,0
1/2/2025,23,2
1/3/2025,0,0
1/3/2025,1,0
1/3/2025,2,0
1/3/2025,3,0
1/3/2025,4,0
1/3/2025,5,0
1/3/2025,6,0
1/3/2025,7,0
1/3/2025,8,2
1/3/2025,9,1
1/3/2025,10,2
1/3/2025,11,9
1/3/2025,12,8
1/3/2025,13,4
1/3/2025,14,0
1/3/2025,15,5
1/3/2025,16,2
1/3/2025,17,1
1/3/2025,18,0
1/3/2025,19,0
1/3/2025,20,0
1/3/2025,21,0
1/3/2025,22,0
1/3/2025,23,0
1/4/2025,0,0
1/4/2025,1,0
1/4/2025,2,0
1/4/2025,3,0
1/4/2025,4,0
1/4/2025,7,0
1/4/2025,8,0
1/4/2025,9,1
1/4/2025,10,2
1/4/2025,11,0
1/4/2025,12,0
1/4/2025,13,1
1/4/2025,14,0
1/4/2025,15,0
1/4/2025,16,2
1/4/2025,17,0
1/4/2025,18,0
1/4/2025,19,0
1/4/2025,20,0
1/4/2025,21,0
1/4/2025,22,1
1/5/2025,0,0
1/5/2025,2,0
1/5/2025,5,0
1/5/2025,6,0
1/5/2025,7,0
1/5/2025,8,0
1/5/2025,9,0
1/5/2025,10,0
1/5/2025,11,0
1/5/2025,12,2
1/5/2025,13,4
1/5/2025,14,0
1/5/2025,15,0
1/5/2025,16,0
1/5/2025,17,0
1/5/2025,18,0
1/5/2025,19,0
1/5/2025,20,0
1/5/2025,21,0
1/5/2025,22,0
1/6/2025,0,0
1/6/2025,1,0
1/6/2025,2,0
1/6/2025,6,0
1/6/2025,7,0
1/6/2025,8,2
1/6/2025,9,5
1/6/2025,10,11
1/6/2025,11,10
1/6/2025,12,8
1/6/2025,13,10
1/6/2025,14,6
1/6/2025,15,5
1/6/2025,16,15
1/6/2025,17,5
1/6/2025,18,0
1/6/2025,19,0
1/6/2025,20,3
1/6/2025,21,0
1/6/2025,22,0
1/6/2025,23,0
1/7/2025,0,0
1/7/2025,1,0
1/7/2025,2,0
1/7/2025,3,0
1/7/2025,4,0
1/7/2025,5,0
1/7/2025,6,0
1/7/2025,7,1
1/7/2025,8,1
1/7/2025,9,1
1/7/2025,10,10
1/7/2025,11,3
1/7/2025,12,2
1/7/2025,13,14
1/7/2025,14,9
1/7/2025,15,4
1/7/2025,16,15
1/7/2025,17,4
1/7/2025,18,1
1/7/2025,19,11
1/7/2025,20,1
1/7/2025,21,2
1/7/2025,22,0
1/7/2025,23,0
1/8/2025,0,0
1/8/2025,1,0
1/8/2025,2,0
1/8/2025,3,1
1/8/2025,4,1
1/8/2025,5,2
1/8/2025,6,0
1/8/2025,7,4
1/8/2025,8,7
1/8/2025,9,0
1/8/2025,10,6
1/8/2025,11,7
1/8/2025,12,6
1/8/2025,13,4
1/8/2025,14,5
1/8/2025,15,5
1/8/2025,16,9
1/8/2025,17,0
1/8/2025,18,0
1/8/2025,19,0
1/8/2025,20,0
1/8/2025,21,2
1/8/2025,22,0
1/8/2025,23,0
1/9/2025,0,0
1/9/2025,1,0
1/9/2025,2,0
1/9/2025,3,0
1/9/2025,4,0
1/9/2025,5,0
1/9/2025,6,0
1/9/2025,7,0
1/9/2025,8,4
1/9/2025,9,6
1/9/2025,10,9
1/9/2025,11,7
1/9/2025,12,4
1/9/2025,13,3
1/9/2025,14,2
1/9/2025,15,8
1/9/2025,16,8
1/9/2025,17,2
1/9/2025,18,0
1/9/2025,19,0
1/9/2025,20,0
1/9/2025,21,0
1/9/2025,22,1
1/9/2025,23,0
1/10/2025,0,0
1/10/2025,1,0
1/10/2025,2,0
1/10/2025,3,0
1/10/2025,4,0
1/10/2025,5,0
1/10/2025,6,0
1/10/2025,7,0
1/10/2025,8,7
1/10/2025,9,2
1/10/2025,10,7
1/10/2025,11,7
1/10/2025,12,11
1/10/2025,13,4
1/10/2025,14,2
1/10/2025,15,5
1/10/2025,16,3
1/10/2025,17,0
1/10/2025,18,0
1/10/2025,19,0
1/10/2025,20,0
1/10/2025,21,0
1/10/2025,22,0
1/10/2025,23,0
1/11/2025,0,0
1/11/2025,1,0
1/11/2025,2,0
1/11/2025,3,0
1/11/2025,4,0
1/11/2025,5,0
1/11/2025,6,0
1/11/2025,7,0
1/11/2025,8,1
1/11/2025,9,0
1/11/2025,10,0
1/11/2025,11,1
1/11/2025,12,0
1/11/2025,13,0
1/11/2025,14,0
1/11/2025,15,1
1/11/2025,16,0
1/11/2025,17,3
1/11/2025,18,8
1/11/2025,19,6
1/11/2025,20,0
1/11/2025,21,0
1/11/2025,22,1
1/11/2025,23,2
1/12/2025,0,0
1/12/2025,1,0
1/12/2025,2,0
1/12/2025,3,0
1/12/2025,4,0
1/12/2025,6,0
1/12/2025,7,0
1/12/2025,8,0
1/12/2025,9,0
1/12/2025,10,0
1/12/2025,11,0
1/12/2025,12,0
1/12/2025,13,0
1/12/2025,14,0
1/12/2025,15,0
1/12/2025,16,0
1/12/2025,17,0
1/12/2025,18,0
1/12/2025,19,0
1/12/2025,20,0
1/12/2025,21,3
1/12/2025,22,2
1/12/2025,23,0
1/13/2025,1,0
1/13/2025,2,0
1/13/2025,3,0
1/13/2025,4,0
1/13/2025,6,0
1/13/2025,7,0
1/13/2025,8,0
1/13/2025,9,3
1/13/2025,10,1
1/13/2025,11,1
1/13/2025,12,1
1/13/2025,13,8
1/13/2025,14,14
1/13/2025,15,5
1/13/2025,16,5
1/13/2025,17,8
1/13/2025,18,0
1/13/2025,19,4
1/13/2025,20,4
1/13/2025,21,6
1/13/2025,22,5
1/13/2025,23,3
1/14/2025,0,2
1/14/2025,1,1
1/14/2025,2,0
1/14/2025,3,0
1/14/2025,6,0
1/14/2025,7,1
1/14/2025,8,0
1/14/2025,9,17
1/14/2025,10,4
1/14/2025,11,2
1/14/2025,12,0
1/14/2025,13,8
1/14/2025,14,7
1/14/2025,15,3
1/14/2025,16,10
1/14/2025,17,11
1/14/2025,18,5
1/14/2025,19,0
1/14/2025,20,1
1/14/2025,21,8
1/14/2025,22,2
1/14/2025,23,0
1/15/2025,0,0
1/15/2025,1,1
1/15/2025,2,1
1/15/2025,3,1
1/15/2025,4,0
1/15/2025,5,0
1/15/2025,6,2
1/15/2025,7,4
1/15/2025,8,1
1/15/2025,9,0
1/15/2025,10,1
1/15/2025,11,2
1/15/2025,12,1
1/15/2025,13,10
1/15/2025,14,7
1/15/2025,15,3
1/15/2025,16,12
1/15/2025,17,2
1/15/2025,18,0
1/15/2025,19,1
1/15/2025,20,3
1/15/2025,21,5
1/15/2025,22,1
1/15/2025,23,4
1/16/2025,0,5
1/16/2025,1,0
1/16/2025,2,0
1/16/2025,3,0
1/16/2025,4,0
1/16/2025,5,0
1/16/2025,6,0
1/16/2025,7,0
1/16/2025,8,2
1/16/2025,9,2
1/16/2025,10,3
1/16/2025,11,1
1/16/2025,12,0
1/16/2025,13,10
1/16/2025,14,7
1/16/2025,15,3
1/16/2025,16,7
1/16/2025,17,1
1/16/2025,18,0
1/16/2025,19,0
1/16/2025,20,0
1/16/2025,21,1
1/16/2025,22,5
1/16/2025,23,8
1/17/2025,0,0
1/17/2025,1,0
1/17/2025,2,0
1/17/2025,3,0
1/17/2025,4,0
1/17/2025,5,0
1/17/2025,6,0
1/17/2025,7,0
1/17/2025,8,4
1/17/2025,9,6
1/17/2025,10,0
1/17/2025,11,3
1/17/2025,12,3
1/17/2025,13,5
1/17/2025,14,3
1/17/2025,15,4
1/17/2025,16,7
1/17/2025,17,1
1/17/2025,18,0
1/17/2025,19,0
1/17/2025,20,3
1/17/2025,21,5
1/17/2025,22,0
1/17/2025,23,0
1/18/2025,0,2
1/18/2025,1,0
1/18/2025,2,0
1/18/2025,3,0
1/18/2025,4,0
1/18/2025,5,0
1/18/2025,6,0
1/18/2025,7,0
1/18/2025,8,0
1/18/2025,9,0
1/18/2025,10,3
1/18/2025,11,6
1/18/2025,12,5
1/18/2025,13,0
1/18/2025,14,0
1/18/2025,15,0
1/18/2025,16,1
1/18/2025,17,0
1/18/2025,18,1
1/18/2025,19,2
1/18/2025,20,2
1/18/2025,21,2
1/18/2025,22,1
1/18/2025,23,0
1/19/2025,0,0
1/19/2025,1,0
1/19/2025,2,0
1/19/2025,6,0
1/19/2025,7,0
1/19/2025,8,0
1/19/2025,9,2
1/19/2025,10,2
1/19/2025,11,0
1/19/2025,12,0
1/19/2025,13,2
1/19/2025,14,1
1/19/2025,15,0
1/19/2025,16,2
1/19/2025,17,2
1/19/2025,18,0
1/19/2025,19,0
1/19/2025,20,0
1/19/2025,21,0
1/19/2025,22,0
1/19/2025,23,0
1/20/2025,1,0
1/20/2025,2,0
1/20/2025,3,0
1/20/2025,4,0
1/20/2025,5,0
1/20/2025,6,0
1/20/2025,7,0
1/20/2025,8,1
1/20/2025,9,3
1/20/2025,10,2
1/20/2025,11,10
1/20/2025,12,5
1/20/2025,13,8
1/20/2025,14,2
1/20/2025,15,13
1/20/2025,16,11
1/20/2025,17,2
1/20/2025,18,0
1/20/2025,19,0
1/20/2025,20,7
1/20/2025,21,9
1/20/2025,22,8
1/20/2025,23,0
1/21/2025,0,1
1/21/2025,1,3
1/21/2025,2,0
1/21/2025,4,0
1/21/2025,5,0
1/21/2025,6,0
1/21/2025,7,2
1/21/2025,8,0
1/21/2025,9,0
1/21/2025,10,1
1/21/2025,11,2
1/21/2025,12,0
1/21/2025,13,7
1/21/2025,14,0
1/21/2025,15,5
1/21/2025,16,3
1/21/2025,17,1
1/21/2025,18,0
1/21/2025,19,0
1/21/2025,20,10
1/21/2025,21,13
1/21/2025,22,3
1/21/2025,23,0
1/22/2025,0,0
1/22/2025,1,0
1/22/2025,2,0
1/22/2025,3,0
1/22/2025,6,0
1/22/2025,7,0
1/22/2025,8,2
1/22/2025,9,7
1/22/2025,10,2
1/22/2025,11,3
1/22/2025,12,6
1/22/2025,13,1
1/22/2025,14,5
1/22/2025,15,10
1/22/2025,16,11
1/22/2025,17,4
1/22/2025,18,3
1/22/2025,19,9
1/22/2025,20,3
1/22/2025,21,2
1/22/2025,22,1
1/22/2025,23,4
1/23/2025,0,1
1/23/2025,1,0
1/23/2025,2,0
1/23/2025,3,0
1/23/2025,4,0
1/23/2025,5,0
1/23/2025,6,0
1/23/2025,7,0
1/23/2025,8,3
1/23/2025,9,1
1/23/2025,10,1
1/23/2025,11,2
1/23/2025,12,0
1/23/2025,13,4
1/23/2025,14,9
1/23/2025,15,9
1/23/2025,16,6
1/23/2025,17,3
1/23/2025,18,1
1/23/2025,19,1
1/23/2025,20,12
1/23/2025,21,1
1/23/2025,22,2
1/23/2025,23,0
1/24/2025,0,3
1/24/2025,1,0
1/24/2025,2,0
1/24/2025,3,0
1/24/2025,4,0
1/24/2025,5,0
1/24/2025,6,0
1/24/2025,7,0
1/24/2025,8,0
1/24/2025,9,1
1/24/2025,10,3
1/24/2025,11,8
1/24/2025,12,1
1/24/2025,13,5
1/24/2025,14,3
1/24/2025,15,9
1/24/2025,16,4
1/24/2025,17,0
1/24/2025,18,0
1/24/2025,19,0
1/24/2025,20,0
1/24/2025,21,1
1/24/2025,22,0
1/24/2025,23,0
1/25/2025,1,0
1/25/2025,2,0
1/25/2025,3,0
1/25/2025,4,0
1/25/2025,5,0
1/25/2025,6,0
1/25/2025,7,0
1/25/2025,8,0
1/25/2025,9,0
1/25/2025,10,0
1/25/2025,11,0
1/25/2025,12,0
1/25/2025,13,0
1/25/2025,14,0
1/25/2025,15,0
1/25/2025,16,0
1/25/2025,17,6
1/25/2025,18,5
1/25/2025,19,0
1/25/2025,20,0
1/25/2025,21,0
1/25/2025,22,0
1/25/2025,23,0
1/26/2025,0,0
1/26/2025,1,0
1/26/2025,2,0
1/26/2025,3,0
1/26/2025,4,0
1/26/2025,5,0
1/26/2025,6,0
1/26/2025,7,0
1/26/2025,8,0
1/26/2025,9,0
1/26/2025,10,0
1/26/2025,11,2
1/26/2025,12,0
1/26/2025,13,5
1/26/2025,14,5
1/26/2025,15,1
1/26/2025,16,0
1/26/2025,17,0
1/26/2025,18,0
1/26/2025,19,1
1/26/2025,20,8
1/26/2025,21,4
1/26/2025,22,0
1/26/2025,23,0
1/27/2025,0,0
1/27/2025,1,1
1/27/2025,2,0
1/27/2025,3,0
1/27/2025,4,0
1/27/2025,5,0
1/27/2025,6,0
1/27/2025,7,0
1/27/2025,8,0
1/27/2025,9,1
1/27/2025,10,1
1/27/2025,11,4
1/27/2025,12,0
1/27/2025,13,4
1/27/2025,14,4
1/27/2025,15,8
1/27/2025,16,19
1/27/2025,17,2
1/27/2025,18,1
1/27/2025,19,3
1/27/2025,20,0
1/27/2025,21,7
1/27/2025,22,1
1/27/2025,23,1
1/28/2025,0,0
1/28/2025,1,0
1/28/2025,2,0
1/28/2025,3,0
1/28/2025,4,0
1/28/2025,6,0
1/28/2025,7,0
1/28/2025,8,3
1/28/2025,9,4
1/28/2025,10,6
1/28/2025,11,2
1/28/2025,12,4
1/28/2025,13,0
1/28/2025,14,12
1/28/2025,15,6
1/28/2025,16,9
1/28/2025,17,1
1/28/2025,18,0
1/28/2025,19,2
1/28/2025,20,7
1/28/2025,21,6
1/28/2025,22,1
1/28/2025,23,0
1/29/2025,0,0
1/29/2025,1,0
1/29/2025,2,0
1/29/2025,3,0
1/29/2025,4,0
1/29/2025,5,0
1/29/2025,6,0
1/29/2025,7,0
1/29/2025,8,0
1/29/2025,9,0
1/29/2025,10,7
1/29/2025,11,1
1/29/2025,12,3
1/29/2025,13,7
1/29/2025,14,3
1/29/2025,15,2
1/29/2025,16,14
1/29/2025,17,3
1/29/2025,18,4
1/29/2025,19,2
1/29/2025,20,3
1/29/2025,21,3
1/29/2025,22,0
1/29/2025,23,0
1/30/2025,0,0
1/30/2025,1,0
1/30/2025,2,0
1/30/2025,3,0
1/30/2025,4,0
1/30/2025,5,0
1/30/2025,6,0
1/30/2025,7,0
1/30/2025,8,0
1/30/2025,9,0
1/30/2025,10,1
1/30/2025,11,0
1/30/2025,12,1
1/30/2025,13,3
1/30/2025,14,5
1/30/2025,15,4
1/30/2025,16,8
1/30/2025,17,4
1/30/2025,18,0
1/30/2025,19,8
1/30/2025,20,3
1/30/2025,21,5
1/30/2025,22,3
1/30/2025,23,1
1/31/2025,0,1
1/31/2025,1,2
1/31/2025,2,0
1/31/2025,3,0
1/31/2025,4,0
1/31/2025,5,0
1/31/2025,6,0
1/31/2025,7,0
1/31/2025,8,2
1/31/2025,9,0
1/31/2025,10,6
1/31/2025,11,3
1/31/2025,12,3
1/31/2025,13,6
1/31/2025,14,5
1/31/2025,15,4
1/31/2025,16,4
1/31/2025,17,0
1/31/2025,18,1
1/31/2025,19,2
1/31/2025,20,1
1/31/2025,21,5
1/31/2025,22,1
1/31/2025,23,0
2/1/2025,0,0
2/1/2025,1,0
2/1/2025,2,0
2/1/2025,3,0
2/1/2025,4,0
2/1/2025,6,0
2/1/2025,7,0
2/1/2025,8,0
2/1/2025,9,0
2/1/2025,10,2
2/1/2025,11,0
2/1/2025,12,2
2/1/2025,13,0
2/1/2025,14,0
2/1/2025,15,0
2/1/2025,16,3
2/1/2025,17,0
2/1/2025,18,0
2/1/2025,19,7
2/1/2025,20,2
2/1/2025,21,0
2/1/2025,22,3
2/1/2025,23,0
2/2/2025,0,0
2/2/2025,2,0
2/2/2025,6,0
2/2/2025,7,0
2/2/2025,8,0
2/2/2025,9,0
2/2/2025,10,0
2/2/2025,11,1
2/2/2025,12,2
2/2/2025,13,0
2/2/2025,14,0
2/2/2025,15,0
2/2/2025,16,0
2/2/2025,17,0
2/2/2025,18,0
2/2/2025,19,0
2/2/2025,20,0
2/2/2025,21,3
2/2/2025,22,0
2/2/2025,23,0
2/3/2025,0,0
2/3/2025,1,0
2/3/2025,2,0
2/3/2025,3,0
2/3/2025,4,0
2/3/2025,5,0
2/3/2025,6,0
2/3/2025,7,0
2/3/2025,8,1
2/3/2025,9,3
2/3/2025,10,3
2/3/2025,11,4
2/3/2025,12,3
2/3/2025,13,8
2/3/2025,14,14
2/3/2025,15,2
2/3/2025,16,2
2/3/2025,17,8
2/3/2025,18,4
2/3/2025,19,1
2/3/2025,20,12
2/3/2025,21,2
2/3/2025,22,3
2/3/2025,23,0
2/4/2025,0,1
2/4/2025,1,4
2/4/2025,2,1
2/4/2025,3,0
2/4/2025,4,0
2/4/2025,5,0
2/4/2025,6,15
2/4/2025,7,0
2/4/2025,8,1
2/4/2025,9,0
2/4/2025,10,4
2/4/2025,11,2
2/4/2025,12,0
2/4/2025,13,7
2/4/2025,14,12
2/4/2025,15,4
2/4/2025,16,12
2/4/2025,17,5
2/4/2025,18,1
2/4/2025,19,0
2/4/2025,20,1
2/4/2025,21,4
2/4/2025,22,5
2/4/2025,23,4
2/5/2025,0,0
2/5/2025,1,0
2/5/2025,2,0
2/5/2025,3,0
2/5/2025,4,0
2/5/2025,5,0
2/5/2025,6,3
2/5/2025,7,0
2/5/2025,8,2
2/5/2025,9,5
2/5/2025,10,8
2/5/2025,11,3
2/5/2025,12,1
2/5/2025,13,10
2/5/2025,14,1
2/5/2025,15,4
2/5/2025,16,4
2/5/2025,17,4
2/5/2025,18,2
2/5/2025,19,1
2/5/2025,20,2
2/5/2025,21,6
2/5/2025,22,0
2/5/2025,23,1
2/6/2025,0,0
2/6/2025,1,0
2/6/2025,2,0
2/6/2025,3,0
2/6/2025,4,0
2/6/2025,5,0
2/6/2025,6,1
2/6/2025,7,0
2/6/2025,8,0
2/6/2025,9,1
2/6/2025,10,1
2/6/2025,11,1
2/6/2025,12,0
2/6/2025,13,7
2/6/2025,14,7
2/6/2025,15,12
2/6/2025,16,7
2/6/2025,17,0
2/6/2025,18,0
2/6/2025,19,1
2/6/2025,20,1
2/6/2025,21,3
2/6/2025,22,4
2/6/2025,23,1
2/7/2025,0,1
2/7/2025,1,3
2/7/2025,2,3
2/7/2025,3,5
2/7/2025,4,0
2/7/2025,6,0
2/7/2025,7,0
2/7/2025,8,0
2/7/2025,9,0
2/7/2025,10,0
2/7/2025,11,3
2/7/2025,12,1
2/7/2025,13,2
2/7/2025,14,7
2/7/2025,15,8
2/7/2025,16,6
2/7/2025,17,4
2/7/2025,18,0
2/7/2025,19,0
2/7/2025,20,5
2/7/2025,21,0
2/7/2025,22,0
2/7/2025,23,0
2/8/2025,0,0
2/8/2025,1,0
2/8/2025,2,0
2/8/2025,3,0
2/8/2025,4,0
2/8/2025,5,0
2/8/2025,6,0
2/8/2025,7,0
2/8/2025,8,2
2/8/2025,9,4
2/8/2025,10,1
2/8/2025,11,2
2/8/2025,12,1
2/8/2025,13,0
2/8/2025,14,2
2/8/2025,15,6
2/8/2025,16,13
2/8/2025,17,6
2/8/2025,18,6
2/8/2025,19,5
2/8/2025,20,1
2/8/2025,21,0
2/8/2025,22,0
2/8/2025,23,0
2/9/2025,0,8
2/9/2025,1,0
2/9/2025,2,0
2/9/2025,3,0
2/9/2025,4,0
2/9/2025,5,0
2/9/2025,7,0
2/9/2025,8,0
2/9/2025,9,0
2/9/2025,10,0
2/9/2025,11,1
2/9/2025,12,1
2/9/2025,13,0
2/9/2025,14,0
2/9/2025,15,0
2/9/2025,16,0
2/9/2025,17,1
2/9/2025,18,0
2/9/2025,19,0
2/9/2025,20,1
2/9/2025,21,0
2/9/2025,22,0
2/9/2025,23,1
2/10/2025,0,0
2/10/2025,1,0
2/10/2025,2,0
2/10/2025,3,0
2/10/2025,4,0
2/10/2025,5,0
2/10/2025,6,0
2/10/2025,7,0
2/10/2025,8,2
2/10/2025,9,4
2/10/2025,10,4
2/10/2025,11,4
2/10/2025,12,3
2/10/2025,13,4
2/10/2025,14,4
2/10/2025,15,7
2/10/2025,16,10
2/10/2025,17,6
2/10/2025,18,2
2/10/2025,19,4
2/10/2025,20,11
2/10/2025,21,0
2/10/2025,22,1
2/10/2025,23,0
2/11/2025,0,0
2/11/2025,1,0
2/11/2025,2,0
2/11/2025,3,0
2/11/2025,4,0
2/11/2025,5,0
2/11/2025,6,0
2/11/2025,7,0
2/11/2025,8,1
2/11/2025,9,2
2/11/2025,10,7
2/11/2025,11,13
2/11/2025,12,6
2/11/2025,13,7
2/11/2025,14,7
2/11/2025,15,8
2/11/2025,16,11
2/11/2025,17,4
2/11/2025,18,0
2/11/2025,19,0
2/11/2025,20,6
2/11/2025,21,6
2/11/2025,22,1
2/11/2025,23,0
2/12/2025,1,6
2/12/2025,2,0
2/12/2025,3,0
2/12/2025,4,0
2/12/2025,5,0
2/12/2025,6,0
2/12/2025,7,0
2/12/2025,8,7
2/12/2025,9,2
2/12/2025,10,10
2/12/2025,11,5
2/12/2025,12,2
2/12/2025,13,5
2/12/2025,14,10
2/12/2025,15,4
2/12/2025,16,7
2/12/2025,17,0
2/12/2025,18,2
2/12/2025,19,6
2/12/2025,20,4
2/12/2025,21,3
2/12/2025,22,3
2/12/2025,23,2
2/13/2025,0,0
2/13/2025,1,1
2/13/2025,2,0
2/13/2025,3,0
2/13/2025,4,0
2/13/2025,5,0
2/13/2025,6,0
2/13/2025,7,1
2/13/2025,8,1
2/13/2025,9,3
2/13/2025,10,3
2/13/2025,11,2
2/13/2025,12,4
2/13/2025,13,0
2/13/2025,14,1
2/13/2025,15,14
2/13/2025,16,6
2/13/2025,17,4
2/13/2025,18,2
2/13/2025,19,0
2/13/2025,20,1
2/13/2025,21,4
2/13/2025,22,3
2/13/2025,23,0
2/14/2025,0,4
2/14/2025,1,2
2/14/2025,2,0
2/14/2025,3,0
2/14/2025,4,0
2/14/2025,5,0
2/14/2025,6,0
2/14/2025,7,2
2/14/2025,8,0
2/14/2025,9,5
2/14/2025,10,1
2/14/2025,11,3
2/14/2025,12,4
2/14/2025,13,4
2/14/2025,14,4
2/14/2025,15,4
2/14/2025,16,1
2/14/2025,17,1
2/14/2025,18,0
2/14/2025,19,0
2/14/2025,20,1
2/14/2025,21,1
2/14/2025,22,0
2/14/2025,23,0
2/15/2025,1,0
2/15/2025,3,0
2/15/2025,4,0
2/15/2025,5,0
2/15/2025,6,0
2/15/2025,8,0
2/15/2025,9,5
2/15/2025,10,6
2/15/2025,11,0
2/15/2025,12,1
2/15/2025,13,0
2/15/2025,14,2
2/15/2025,15,1
2/15/2025,16,3
2/15/2025,17,1
2/15/2025,18,0
2/15/2025,19,2
2/15/2025,20,1
2/15/2025,21,0
2/15/2025,22,0
2/16/2025,3,0
2/16/2025,4,0
2/16/2025,5,0
2/16/2025,6,0
2/16/2025,7,0
2/16/2025,8,0
2/16/2025,9,0
2/16/2025,10,0
2/16/2025,11,1
2/16/2025,12,2
2/16/2025,13,0
2/16/2025,14,2
2/16/2025,15,3
2/16/2025,16,2
2/16/2025,17,1
2/16/2025,18,0
2/16/2025,19,0
2/16/2025,20,0
2/16/2025,21,0
2/16/2025,22,0
2/16/2025,23,0
2/17/2025,0,0
2/17/2025,1,0
2/17/2025,2,0
2/17/2025,3,0
2/17/2025,4,0
2/17/2025,5,1
2/17/2025,6,0
2/17/2025,7,0
2/17/2025,8,0
2/17/2025,9,2
2/17/2025,10,0
2/17/2025,11,1
2/17/2025,12,3
2/17/2025,13,6
2/17/2025,14,8
2/17/2025,15,1
2/17/2025,16,6
2/17/2025,17,4
2/17/2025,18,5
2/17/2025,19,11
2/17/2025,20,9
2/17/2025,21,1
2/17/2025,22,0
2/17/2025,23,0
2/18/2025,0,0
2/18/2025,1,0
2/18/2025,2,0
2/18/2025,3,0
2/18/2025,4,0
2/18/2025,5,0
2/18/2025,6,0
2/18/2025,7,0
2/18/2025,8,0
2/18/2025,9,3
2/18/2025,10,1
2/18/2025,11,0
2/18/2025,12,0
2/18/2025,13,3
2/18/2025,14,4
2/18/2025,15,2
2/18/2025,16,7
2/18/2025,17,1
2/18/2025,18,5
2/18/2025,19,2
2/18/2025,20,3
2/18/2025,21,6
2/18/2025,22,0
2/18/2025,23,2
2/19/2025,0,0
2/19/2025,1,0
2/19/2025,2,0
2/19/2025,3,0
2/19/2025,4,0
2/19/2025,5,0
2/19/2025,6,0
2/19/2025,7,0
2/19/2025,8,2
2/19/2025,9,4
2/19/2025,10,2
2/19/2025,11,0
2/19/2025,12,0
2/19/2025,13,2
2/19/2025,14,10
2/19/2025,15,9
2/19/2025,16,16
2/19/2025,17,7
2/19/2025,18,1
2/19/2025,19,1
2/19/2025,20,2
2/19/2025,21,5
2/19/2025,22,4
2/19/2025,23,0
2/20/2025,0,0
2/20/2025,1,0
2/20/2025,2,0
2/20/2025,3,0
2/20/2025,4,0
2/20/2025,5,0
2/20/2025,6,0
2/20/2025,7,0
2/20/2025,8,0
2/20/2025,9,1
2/20/2025,10,0
2/20/2025,11,4
2/20/2025,12,7
2/20/2025,13,12
2/20/2025,14,4
2/20/2025,15,4
2/20/2025,16,7
2/20/2025,17,0
2/20/2025,18,0
2/20/2025,19,0
2/20/2025,20,1
2/20/2025,21,0
2/20/2025,22,2
2/20/2025,23,4
2/21/2025,0,0
2/21/2025,1,0
2/21/2025,2,3
2/21/2025,3,0
2/21/2025,4,0
2/21/2025,5,0
2/21/2025,6,0
2/21/2025,7,0
2/21/2025,8,0
2/21/2025,9,2
2/21/2025,10,1
2/21/2025,11,0
2/21/2025,12,0
2/21/2025,13,6
2/21/2025,14,8
2/21/2025,15,7
2/21/2025,16,12
2/21/2025,17,4
2/21/2025,18,0
2/21/2025,19,0
2/21/2025,20,0
2/21/2025,21,1
2/21/2025,22,3
2/21/2025,23,0
2/22/2025,0,0
2/22/2025,1,0
2/22/2025,2,0
2/22/2025,4,0
2/22/2025,5,0
2/22/2025,6,0
2/22/2025,8,0
2/22/2025,9,0
2/22/2025,10,0
2/22/2025,11,0
2/22/2025,12,0
2/22/2025,13,0
2/22/2025,14,0
2/22/2025,15,2
2/22/2025,16,2
2/22/2025,17,0
2/22/2025,18,0
2/22/2025,19,0
2/22/2025,20,0
2/22/2025,21,0
2/22/2025,22,5
2/22/2025,23,2
2/23/2025,0,0
2/23/2025,1,0
2/23/2025,2,0
2/23/2025,3,0
2/23/2025,4,0
2/23/2025,5,0
2/23/2025,6,1
2/23/2025,7,1
2/23/2025,8,0
2/23/2025,9,0
2/23/2025,10,0
2/23/2025,11,0
2/23/2025,12,2
2/23/2025,13,0
2/23/2025,14,0
2/23/2025,15,5
2/23/2025,16,7
2/23/2025,17,0
2/23/2025,18,1
2/23/2025,19,1
2/23/2025,20,0
2/23/2025,21,0
2/23/2025,22,0
2/23/2025,23,0
2/24/2025,1,0
2/24/2025,2,0
2/24/2025,3,0
2/24/2025,4,2
2/24/2025,5,0
2/24/2025,6,0
2/24/2025,7,0
2/24/2025,8,1
2/24/2025,9,4
2/24/2025,10,5
2/24/2025,11,2
2/24/2025,12,3
2/24/2025,13,6
2/24/2025,14,3
2/24/2025,15,3
2/24/2025,16,1
2/24/2025,17,15
2/24/2025,18,4
2/24/2025,19,8
2/24/2025,20,7
2/24/2025,21,0
2/24/2025,22,0
2/24/2025,23,1
2/25/2025,0,0
2/25/2025,1,0
2/25/2025,2,0
2/25/2025,3,0
2/25/2025,4,0
2/25/2025,5,0
2/25/2025,6,0
2/25/2025,7,0
2/25/2025,8,2
2/25/2025,9,5
2/25/2025,10,2
2/25/2025,11,2
2/25/2025,12,0
2/25/2025,13,9
2/25/2025,14,6
2/25/2025,15,5
2/25/2025,16,7
2/25/2025,17,2
2/25/2025,18,3
2/25/2025,19,5
2/25/2025,20,0
2/25/2025,21,3
2/25/2025,22,1
2/25/2025,23,0
2/26/2025,0,0
2/26/2025,1,0
2/26/2025,2,0
2/26/2025,3,0
2/26/2025,4,0
2/26/2025,5,0
2/26/2025,6,0
2/26/2025,7,0
2/26/2025,8,1
2/26/2025,9,3
2/26/2025,10,5
2/26/2025,11,4
2/26/2025,12,1
2/26/2025,13,3
2/26/2025,14,7
2/26/2025,15,0
2/26/2025,16,10
2/26/2025,17,3
2/26/2025,18,1
2/26/2025,19,0
2/26/2025,20,1
2/26/2025,21,2
2/26/2025,22,0
2/26/2025,23,1
2/27/2025,0,0
2/27/2025,1,0
2/27/2025,2,0
2/27/2025,3,0
2/27/2025,4,0
2/27/2025,5,0
2/27/2025,6,0
2/27/2025,7,0
2/27/2025,8,1
2/27/2025,9,4
2/27/2025,10,3
2/27/2025,11,3
2/27/2025,12,0
2/27/2025,13,9
2/27/2025,14,5
2/27/2025,15,5
2/27/2025,16,7
2/27/2025,17,1
2/27/2025,18,5
2/27/2025,19,9
2/27/2025,20,1
2/27/2025,21,7
2/27/2025,22,2
2/27/2025,23,0
2/28/2025,0,1
2/28/2025,1,0
2/28/2025,2,0
2/28/2025,3,0
2/28/2025,4,0
2/28/2025,5,0
2/28/2025,6,0
2/28/2025,7,0
2/28/2025,8,0
2/28/2025,9,2
2/28/2025,10,0
2/28/2025,11,1
2/28/2025,12,4
2/28/2025,13,8
2/28/2025,14,8
2/28/2025,15,2
2/28/2025,16,13
2/28/2025,17,1
2/28/2025,18,1
2/28/2025,19,1
2/28/2025,20,4
2/28/2025,21,4
2/28/2025,22,3
2/28/2025,23,1
3/1/2025,0,0
3/1/2025,1,0
3/1/2025,2,0
3/1/2025,3,0
3/1/2025,5,0
3/1/2025,6,0
3/1/2025,7,0
3/1/2025,8,1
3/1/2025,9,0
3/1/2025,10,0
3/1/2025,11,0
3/1/2025,12,1
3/1/2025,13,0
3/1/2025,14,0
3/1/2025,15,0
3/1/2025,16,0
3/1/2025,17,0
3/1/2025,18,0
3/1/2025,19,0
3/1/2025,20,2
3/1/2025,21,5
3/1/2025,22,0
3/1/2025,23,0
3/2/2025,0,0
3/2/2025,1,0
3/2/2025,2,0
3/2/2025,3,0
3/2/2025,4,0
3/2/2025,5,0
3/2/2025,6,0
3/2/2025,7,0
3/2/2025,8,0
3/2/2025,9,0
3/2/2025,10,0
3/2/2025,11,0
3/2/2025,12,0
3/2/2025,13,0
3/2/2025,14,0
3/2/2025,15,0
3/2/2025,16,5
3/2/2025,17,2
3/2/2025,18,0
3/2/2025,19,1
3/2/2025,20,2
3/2/2025,21,3
3/2/2025,22,1
3/2/2025,23,0
3/3/2025,0,0
3/3/2025,1,0
3/3/2025,2,0
3/3/2025,3,0
3/3/2025,5,0
3/3/2025,6,0
3/3/2025,7,0
3/3/2025,8,0
3/3/2025,9,0
3/3/2025,10,5
3/3/2025,11,2
3/3/2025,12,0
3/3/2025,13,10
3/3/2025,14,8
3/3/2025,15,2
3/3/2025,16,1
3/3/2025,17,0
3/3/2025,18,1
3/3/2025,19,0
3/3/2025,20,6
3/3/2025,21,12
3/3/2025,22,9
3/3/2025,23,7
3/4/2025,0,2
3/4/2025,1,2
3/4/2025,2,0
3/4/2025,3,1
3/4/2025,4,0
3/4/2025,5,0
3/4/2025,6,0
3/4/2025,7,1
3/4/2025,8,0
3/4/2025,9,1
3/4/2025,10,1
3/4/2025,11,1
3/4/2025,12,0
3/4/2025,13,5
3/4/2025,14,0
3/4/2025,15,3
3/4/2025,16,4
3/4/2025,17,3
3/4/2025,18,0
3/4/2025,19,3
3/4/2025,20,5
3/4/2025,21,6
3/4/2025,22,2
3/4/2025,23,3
3/5/2025,0,0
3/5/2025,1,1
3/5/2025,2,8
3/5/2025,3,3
3/5/2025,4,0
3/5/2025,5,0
3/5/2025,6,1
3/5/2025,7,0
3/5/2025,8,0
3/5/2025,9,0
3/5/2025,10,0
3/5/2025,11,0
3/5/2025,12,0
3/5/2025,13,18
3/5/2025,14,5
3/5/2025,15,4
3/5/2025,16,11
3/5/2025,17,1
3/5/2025,18,1
3/5/2025,19,0
3/5/2025,20,5
3/5/2025,21,3
3/5/2025,22,1
3/5/2025,23,0
3/6/2025,0,0
3/6/2025,1,0
3/6/2025,2,0
3/6/2025,3,0
3/6/2025,4,0
3/6/2025,5,0
3/6/2025,6,0
3/6/2025,7,0
3/6/2025,8,1
3/6/2025,9,1
3/6/2025,10,0
3/6/2025,11,0
3/6/2025,12,3
3/6/2025,13,7
3/6/2025,14,6
3/6/2025,15,7
3/6/2025,16,11
3/6/2025,17,1
3/6/2025,18,1
3/6/2025,19,1
3/6/2025,20,3
3/6/2025,21,3
3/6/2025,22,0
3/6/2025,23,0
3/7/2025,1,2
3/7/2025,2,0
3/7/2025,4,0
3/7/2025,6,0
3/7/2025,7,0
3/7/2025,8,0
3/7/2025,9,0
3/7/2025,10,2
3/7/2025,11,4
3/7/2025,12,2
3/7/2025,13,3
3/7/2025,14,2
3/7/2025,15,2
3/7/2025,16,4
3/7/2025,17,4
3/7/2025,18,1
3/7/2025,19,0
3/7/2025,20,0
3/7/2025,21,5
3/7/2025,22,1
3/7/2025,23,0
3/8/2025,0,0
3/8/2025,1,0
3/8/2025,2,0
3/8/2025,3,0
3/8/2025,4,0
3/8/2025,5,0
3/8/2025,6,0
3/8/2025,7,0
3/8/2025,8,0
3/8/2025,9,0
3/8/2025,10,0
3/8/2025,11,0
3/8/2025,12,0
3/8/2025,13,0
3/8/2025,14,0
3/8/2025,15,0
3/8/2025,16,0
3/8/2025,17,0
3/8/2025,18,0
3/8/2025,19,3
3/8/2025,20,4
3/8/2025,21,0
3/8/2025,22,0
3/8/2025,23,1
3/9/2025,0,0
3/9/2025,1,0
3/9/2025,2,0
3/9/2025,4,0
3/9/2025,6,0
3/9/2025,7,0
3/9/2025,8,0
3/9/2025,9,0
3/9/2025,10,0
3/9/2025,11,0
3/9/2025,12,0
3/9/2025,13,0
3/9/2025,14,9
3/9/2025,15,3
3/9/2025,16,3
3/9/2025,17,3
3/9/2025,18,0
3/9/2025,19,5
3/9/2025,20,4
3/9/2025,21,1
3/9/2025,22,1
3/9/2025,23,0
3/10/2025,0,0
3/10/2025,1,1
3/10/2025,2,0
3/10/2025,3,0
3/10/2025,6,0
3/10/2025,7,0
3/10/2025,8,0
3/10/2025,9,3
3/10/2025,10,4
3/10/2025,11,1
3/10/2025,12,3
3/10/2025,13,4
3/10/2025,14,8
3/10/2025,15,2
3/10/2025,16,1
3/10/2025,17,1
3/10/2025,18,1
3/10/2025,19,0
3/10/2025,20,6
3/10/2025,21,5
3/10/2025,22,2
3/10/2025,23,10
3/11/2025,0,2
3/11/2025,1,0
3/11/2025,2,0
3/11/2025,3,0
3/11/2025,4,0
3/11/2025,5,0
3/11/2025,6,0
3/11/2025,7,0
3/11/2025,8,0
3/11/2025,9,7
3/11/2025,10,2
3/11/2025,11,2
3/11/2025,12,3
3/11/2025,13,5
3/11/2025,14,6
3/11/2025,15,7
3/11/2025,16,13
3/11/2025,17,1
3/11/2025,18,0
3/11/2025,19,0
3/11/2025,20,1
3/11/2025,21,1
3/11/2025,22,1
3/11/2025,23,0
3/12/2025,0,5
3/12/2025,1,0
3/12/2025,2,0
3/12/2025,3,0
3/12/2025,5,0
3/12/2025,6,4
3/12/2025,7,0
3/12/2025,8,1
3/12/2025,9,1
3/12/2025,10,7
3/12/2025,11,5
3/12/2025,12,3
3/12/2025,13,1
3/12/2025,14,6
3/12/2025,15,3
3/12/2025,16,13
3/12/2025,17,3
3/12/2025,18,1
3/12/2025,19,3
3/12/2025,20,9
3/12/2025,21,0
3/12/2025,22,0
3/12/2025,23,0
3/13/2025,0,1
3/13/2025,1,0
3/13/2025,2,0
3/13/2025,3,2
3/13/2025,4,1
3/13/2025,5,2
3/13/2025,6,2
3/13/2025,7,3
3/13/2025,8,2
3/13/2025,9,1
3/13/2025,10,3
3/13/2025,11,2
3/13/2025,12,2
3/13/2025,13,4
3/13/2025,14,11
3/13/2025,15,4
3/13/2025,16,4
3/13/2025,17,0
3/13/2025,18,0
3/13/2025,19,2
3/13/2025,20,0
3/13/2025,21,0
3/13/2025,22,7
3/13/2025,23,2
3/14/2025,0,6
3/14/2025,1,1
3/14/2025,2,1
3/14/2025,3,0
3/14/2025,4,0
3/14/2025,5,4
3/14/2025,6,2
3/14/2025,7,0
3/14/2025,8,0
3/14/2025,9,1
3/14/2025,10,4
3/14/2025,11,1
3/14/2025,12,1
3/14/2025,13,1
3/14/2025,14,11
3/14/2025,15,5
3/14/2025,16,6
3/14/2025,17,1
3/14/2025,18,2
3/14/2025,19,0
3/14/2025,20,0
3/14/2025,21,4
3/14/2025,22,1
3/14/2025,23,0
3/15/2025,0,0
3/15/2025,1,0
3/15/2025,2,0
3/15/2025,3,0
3/15/2025,4,2
3/15/2025,5,9
3/15/2025,6,0
3/15/2025,7,2
3/15/2025,8,0
3/15/2025,9,1
3/15/2025,10,2
3/15/2025,11,5
3/15/2025,12,2
3/15/2025,13,2
3/15/2025,14,0
3/15/2025,15,3
3/15/2025,16,7
3/15/2025,17,4
3/15/2025,18,1
3/15/2025,19,0
3/15/2025,20,0
3/15/2025,21,1
3/15/2025,22,0
3/15/2025,23,1
3/16/2025,0,0
3/16/2025,1,2
3/16/2025,2,0
3/16/2025,3,0
3/16/2025,4,0
3/16/2025,5,1
3/16/2025,6,0
3/16/2025,7,0
3/16/2025,8,0
3/16/2025,9,0
3/16/2025,10,0
3/16/2025,11,7
3/16/2025,12,5
3/16/2025,13,1
3/16/2025,14,1
3/16/2025,15,1
3/16/2025,16,0
3/16/2025,17,0
3/16/2025,18,0
3/16/2025,19,0
3/16/2025,20,1
3/16/2025,21,0
3/16/2025,22,0
3/16/2025,23,0
3/17/2025,0,0
3/17/2025,1,0
3/17/2025,2,0
3/17/2025,3,0
3/17/2025,4,0
3/17/2025,6,0
3/17/2025,7,0
3/17/2025,8,1
3/17/2025,9,4
3/17/2025,10,1
3/17/2025,11,2
3/17/2025,12,3
3/17/2025,13,3
3/17/2025,14,10
3/17/2025,15,14
3/17/2025,16,16
3/17/2025,17,3
3/17/2025,18,0
3/17/2025,19,0
3/17/2025,20,2
3/17/2025,21,2
3/17/2025,22,0
3/17/2025,23,0
3/18/2025,0,0
3/18/2025,1,0
3/18/2025,2,0
3/18/2025,3,0
3/18/2025,5,0
3/18/2025,6,0
3/18/2025,7,0
3/18/2025,8,0
3/18/2025,9,0
3/18/2025,10,0
3/18/2025,11,1
3/18/2025,12,1
3/18/2025,13,7
3/18/2025,14,7
3/18/2025,15,10
3/18/2025,16,4
3/18/2025,17,1
3/18/2025,18,0
3/18/2025,19,2
3/18/2025,20,1
3/18/2025,21,4
3/18/2025,22,0
3/18/2025,23,1
3/19/2025,0,0
3/19/2025,2,0
3/19/2025,3,0
3/19/2025,4,0
3/19/2025,5,0
3/19/2025,6,0
3/19/2025,7,0
3/19/2025,8,0
3/19/2025,9,2
3/19/2025,10,1
3/19/2025,11,1
3/19/2025,12,2
3/19/2025,13,11
3/19/2025,14,4
3/19/2025,15,8
3/19/2025,16,8
3/19/2025,17,2
3/19/2025,18,0
3/19/2025,19,0
3/19/2025,20,6
3/19/2025,21,3
3/19/2025,22,3
3/19/2025,23,1
3/20/2025,0,0
3/20/2025,1,0
3/20/2025,2,0
3/20/2025,3,0
3/20/2025,4,0
3/20/2025,5,0
3/20/2025,6,0
3/20/2025,7,0
3/20/2025,8,0
3/20/2025,9,3
3/20/2025,10,4
3/20/2025,11,0
3/20/2025,12,4
3/20/2025,13,17
3/20/2025,14,8
3/20/2025,15,5
3/20/2025,16,10
3/20/2025,17,0
3/20/2025,18,1
3/20/2025,19,1
3/20/2025,20,0
3/20/2025,21,2
3/20/2025,22,0
3/20/2025,23,0
3/21/2025,0,0
3/21/2025,1,0
3/21/2025,2,0
3/21/2025,3,0
3/21/2025,4,0
3/21/2025,7,0
3/21/2025,8,0
3/21/2025,9,0
3/21/2025,10,0
3/21/2025,11,0
3/21/2025,12,3
3/21/2025,13,1
3/21/2025,14,4
3/21/2025,15,2
3/21/2025,16,6
3/21/2025,17,2
3/21/2025,18,4
3/21/2025,19,0
3/21/2025,20,7
3/21/2025,21,2
3/21/2025,22,0
3/21/2025,23,0
3/22/2025,2,0
3/22/2025,4,0
3/22/2025,5,0
3/22/2025,6,0
3/22/2025,8,0
3/22/2025,9,0
3/22/2025,10,0
3/22/2025,11,5
3/22/2025,12,1
3/22/2025,13,0
3/22/2025,14,0
3/22/2025,15,1
3/22/2025,16,0
3/22/2025,17,0
3/22/2025,18,0
3/22/2025,19,0
3/22/2025,20,2
3/22/2025,21,4
3/22/2025,22,3
3/22/2025,23,0
3/23/2025,0,0
3/23/2025,1,0
3/23/2025,2,0
3/23/2025,3,0
3/23/2025,4,0
3/23/2025,5,0
3/23/2025,6,0
3/23/2025,7,0
3/23/2025,8,0
3/23/2025,9,0
3/23/2025,10,0
3/23/2025,11,2
3/23/2025,12,1
3/23/2025,13,3
3/23/2025,14,4
3/23/2025,15,0
3/23/2025,16,2
3/23/2025,17,0
3/23/2025,18,0
3/23/2025,19,0
3/23/2025,20,4
3/23/2025,21,1
3/23/2025,22,1
3/24/2025,1,0
3/24/2025,3,0
3/24/2025,5,0
3/24/2025,6,0
3/24/2025,7,0
3/24/2025,8,0
3/24/2025,9,2
3/24/2025,10,0
3/24/2025,11,0
3/24/2025,12,0
3/24/2025,13,0
3/24/2025,14,11
3/24/2025,15,9
3/24/2025,16,4
3/24/2025,17,5
3/24/2025,18,0
3/24/2025,19,5
3/24/2025,20,7
3/24/2025,21,5
3/24/2025,22,0
3/24/2025,23,2
3/25/2025,0,0
3/25/2025,1,4
3/25/2025,2,0
3/25/2025,3,0
3/25/2025,4,0
3/25/2025,5,0
3/25/2025,6,0
3/25/2025,7,0
3/25/2025,8,0
3/25/2025,9,0
3/25/2025,10,2
3/25/2025,11,0
3/25/2025,12,0
3/25/2025,13,4
3/25/2025,14,12
3/25/2025,15,11
3/25/2025,16,0
3/25/2025,17,1
3/25/2025,18,1
3/25/2025,19,8
3/25/2025,20,1
3/25/2025,21,3
3/25/2025,22,0
3/25/2025,23,0
3/26/2025,0,0
3/26/2025,1,3
3/26/2025,2,0
3/26/2025,3,0
3/26/2025,4,0
3/26/2025,5,0
3/26/2025,6,0
3/26/2025,7,1
3/26/2025,8,0
3/26/2025,9,3
3/26/2025,10,3
3/26/2025,11,2
3/26/2025,12,3
3/26/2025,13,2
3/26/2025,14,7
3/26/2025,15,2
3/26/2025,16,3
3/26/2025,17,2
3/26/2025,18,2
3/26/2025,19,5
3/26/2025,20,2
3/26/2025,21,0
3/26/2025,22,5
3/26/2025,23,1
3/27/2025,0,0
3/27/2025,1,2
3/27/2025,2,0
3/27/2025,3,0
3/27/2025,4,1
3/27/2025,5,0
3/27/2025,6,0
3/27/2025,7,1
3/27/2025,8,1
3/27/2025,9,1
3/27/2025,10,0
3/27/2025,11,0
3/27/2025,12,1
3/27/2025,13,2
3/27/2025,14,2
3/27/2025,15,10
3/27/2025,16,5
3/27/2025,17,1
3/27/2025,18,1
3/27/2025,19,0
3/27/2025,20,2
3/27/2025,21,6
3/27/2025,22,5
3/27/2025,23,1
3/28/2025,0,0
3/28/2025,1,1
3/28/2025,2,0
3/28/2025,3,1
3/28/2025,4,0
3/28/2025,5,0
3/28/2025,6,0
3/28/2025,7,0
3/28/2025,8,0
3/28/2025,9,0
3/28/2025,10,0
3/28/2025,11,0
3/28/2025,12,3
3/28/2025,13,1
3/28/2025,14,4
3/28/2025,15,10
3/28/2025,16,2
3/28/2025,17,1
3/28/2025,18,0
3/28/2025,19,1
3/28/2025,20,1
3/28/2025,21,2
3/28/2025,22,3
3/28/2025,23,0
3/29/2025,0,0
3/29/2025,1,2
3/29/2025,2,1
3/29/2025,3,0
3/29/2025,4,2
3/29/2025,5,2
3/29/2025,6,0
3/29/2025,7,0
3/29/2025,8,2
3/29/2025,9,0
3/29/2025,10,1
3/29/2025,11,0
3/29/2025,12,0
3/29/2025,13,4
3/29/2025,14,2
3/29/2025,15,0
3/29/2025,16,3
3/29/2025,17,1
3/29/2025,18,0
3/29/2025,19,0
3/29/2025,20,1
3/29/2025,21,0
3/29/2025,22,0
3/29/2025,23,0
3/30/2025,0,0
3/30/2025,1,0
3/30/2025,2,0
3/30/2025,3,0
3/30/2025,4,0
3/30/2025,5,0
3/30/2025,6,0
3/30/2025,7,0
3/30/2025,8,0
3/30/2025,9,3
3/30/2025,10,1
3/30/2025,11,0
3/30/2025,12,0
3/30/2025,13,3
3/30/2025,14,4
3/30/2025,15,6
3/30/2025,16,0
3/30/2025,17,1
3/30/2025,18,0
3/30/2025,19,0
3/30/2025,20,0
3/30/2025,21,4
3/30/2025,22,1
3/30/2025,23,0
3/31/2025,1,0
3/31/2025,2,0
3/31/2025,3,0
3/31/2025,4,0
3/31/2025,6,0
3/31/2025,7,0
3/31/2025,8,0
3/31/2025,9,1
3/31/2025,10,1
3/31/2025,11,0
3/31/2025,12,3
3/31/2025,13,3
3/31/2025,14,6
3/31/2025,15,3
3/31/2025,16,1
3/31/2025,17,2
3/31/2025,18,1
3/31/2025,19,0
3/31/2025,20,3
3/31/2025,21,0
3/31/2025,22,8
3/31/2025,23,7
4/1/2025,0,0
4/1/2025,1,2
4/1/2025,2,1
4/1/2025,3,0
4/1/2025,4,0
4/1/2025,5,0
4/1/2025,6,0
4/1/2025,7,1
4/1/2025,8,3
4/1/2025,9,6
4/1/2025,10,3
4/1/2025,11,6
4/1/2025,12,7
4/1/2025,13,2
4/1/2025,14,3
4/1/2025,15,4
4/1/2025,16,1
4/1/2025,17,0
4/1/2025,18,0
4/1/2025,19,2
4/1/2025,20,1
4/1/2025,21,0
4/1/2025,22,8
4/1/2025,23,5
4/2/2025,0,1
4/2/2025,1,2
4/2/2025,2,0
4/2/2025,3,0
4/2/2025,4,0
4/2/2025,5,0
4/2/2025,6,0
4/2/2025,7,1
4/2/2025,8,1
4/2/2025,9,0
4/2/2025,10,2
4/2/2025,11,2
4/2/2025,12,0
4/2/2025,13,0
4/2/2025,14,4
4/2/2025,15,9
4/2/2025,16,1
4/2/2025,17,0
4/2/2025,18,0
4/2/2025,19,0
4/2/2025,20,3
4/2/2025,21,4
4/2/2025,22,11
4/2/2025,23,3
4/3/2025,0,4
4/3/2025,1,6
4/3/2025,2,0
4/3/2025,3,0
4/3/2025,4,0
4/3/2025,5,0
4/3/2025,6,0
4/3/2025,7,0
4/3/2025,8,1
4/3/2025,9,1
4/3/2025,10,1
4/3/2025,11,0
4/3/2025,12,1
4/3/2025,13,0
4/3/2025,14,1
4/3/2025,15,9
4/3/2025,16,0
4/3/2025,17,1
4/3/2025,18,0
4/3/2025,19,0
4/3/2025,20,0
4/3/2025,21,4
4/3/2025,22,8
4/3/2025,23,4
4/4/2025,0,5
4/4/2025,1,5
4/4/2025,2,6
4/4/2025,3,1
4/4/2025,4,2
4/4/2025,5,0
4/4/2025,6,0
4/4/2025,7,0
4/4/2025,8,1
4/4/2025,9,2
4/4/2025,10,1
4/4/2025,11,1
4/4/2025,12,3
4/4/2025,13,3
4/4/2025,14,7
4/4/2025,15,9
4/4/2025,16,3
4/4/2025,17,0
4/4/2025,18,2
4/4/2025,19,0
4/4/2025,20,0
4/4/2025,21,2
4/4/2025,22,7
4/4/2025,23,0
4/5/2025,0,1
4/5/2025,1,6
4/5/2025,2,1
4/5/2025,3,0
4/5/2025,4,4
4/5/2025,5,1
4/5/2025,6,1
4/5/2025,7,0
4/5/2025,8,0
4/5/2025,9,0
4/5/2025,10,1
4/5/2025,11,0
4/5/2025,12,1
4/5/2025,13,0
4/5/2025,14,1
4/5/2025,15,0
4/5/2025,16,1
4/5/2025,17,0
4/5/2025,18,0
4/5/2025,19,6
4/5/2025,20,5
4/5/2025,21,4
4/5/2025,22,0
4/5/2025,23,0
4/6/2025,1,0
4/6/2025,2,0
4/6/2025,3,0
4/6/2025,4,0
4/6/2025,6,0
4/6/2025,7,0
4/6/2025,8,0
4/6/2025,9,0
4/6/2025,10,0
4/6/2025,11,0
4/6/2025,12,0
4/6/2025,13,0
4/6/2025,14,1
4/6/2025,15,2
4/6/2025,16,0
4/6/2025,17,0
4/6/2025,18,3
4/6/2025,19,2
4/6/2025,20,2
4/6/2025,21,0
4/6/2025,22,0
4/6/2025,23,0
4/7/2025,1,0
4/7/2025,2,0
4/7/2025,3,0
4/7/2025,4,0
4/7/2025,5,0
4/7/2025,6,0
4/7/2025,7,0
4/7/2025,8,0
4/7/2025,9,7
4/7/2025,10,1
4/7/2025,11,7
4/7/2025,12,10
4/7/2025,13,9
4/7/2025,14,3
4/7/2025,15,2
4/7/2025,16,5
4/7/2025,17,6
4/7/2025,18,0
4/7/2025,19,7
4/7/2025,20,1
4/7/2025,21,5
4/7/2025,22,2
4/7/2025,23,0
4/8/2025,0,0
4/8/2025,1,2
4/8/2025,2,0
4/8/2025,3,0
4/8/2025,4,0
4/8/2025,5,0
4/8/2025,6,0
4/8/2025,7,0
4/8/2025,8,1
4/8/2025,9,1
4/8/2025,10,4
4/8/2025,11,2
4/8/2025,12,1
4/8/2025,13,5
4/8/2025,14,10
4/8/2025,15,6
4/8/2025,16,4
4/8/2025,17,0
4/8/2025,18,1
4/8/2025,19,0
4/8/2025,20,2
4/8/2025,21,3
4/8/2025,22,1
4/8/2025,23,0
4/9/2025,0,0
4/9/2025,1,0
4/9/2025,2,0
4/9/2025,3,0
4/9/2025,6,0
4/9/2025,7,0
4/9/2025,8,0
4/9/2025,9,0
4/9/2025,10,1
4/9/2025,11,2
4/9/2025,12,2
4/9/2025,13,3
4/9/2025,14,8
4/9/2025,15,17
4/9/2025,16,7
4/9/2025,17,0
4/9/2025,18,0
4/9/2025,19,0
4/9/2025,20,0
4/9/2025,21,3
4/9/2025,22,1
4/9/2025,23,1
4/10/2025,0,0
4/10/2025,1,0
4/10/2025,2,0
4/10/2025,3,0
4/10/2025,5,0
4/10/2025,6,0
4/10/2025,7,0
4/10/2025,8,0
4/10/2025,9,4
4/10/2025,10,0
4/10/2025,11,4
4/10/2025,12,1
4/10/2025,13,5
4/10/2025,14,10
4/10/2025,15,2
4/10/2025,16,2
4/10/2025,17,2
4/10/2025,18,1
4/10/2025,19,0
4/10/2025,20,1
4/10/2025,21,1
4/10/2025,22,0
4/10/2025,23,0
4/11/2025,0,0
4/11/2025,1,5
4/11/2025,2,1
4/11/2025,3,0
4/11/2025,4,0
4/11/2025,6,0
4/11/2025,7,0
4/11/2025,8,1
4/11/2025,9,0
4/11/2025,10,2
4/11/2025,11,2
4/11/2025,12,1
4/11/2025,13,6
4/11/2025,14,2
4/11/2025,15,5
4/11/2025,16,12
4/11/2025,17,2
4/11/2025,18,0
4/11/2025,19,0
4/11/2025,20,1
4/11/2025,21,6
4/11/2025,22,1
4/11/2025,23,0
4/12/2025,0,0
4/12/2025,1,0
4/12/2025,3,0
4/12/2025,4,0
4/12/2025,6,0
4/12/2025,7,0
4/12/2025,8,0
4/12/2025,9,0
4/12/2025,10,0
4/12/2025,11,0
4/12/2025,12,0
4/12/2025,13,0
4/12/2025,14,4
4/12/2025,15,0
4/12/2025,16,0
4/12/2025,17,1
4/12/2025,18,2
4/12/2025,19,3
4/12/2025,20,2
4/12/2025,21,3
4/12/2025,22,1
4/12/2025,23,0
4/13/2025,0,0
4/13/2025,1,0
4/13/2025,2,0
4/13/2025,3,0
4/13/2025,4,0
4/13/2025,6,0
4/13/2025,7,0
4/13/2025,8,0
4/13/2025,9,0
4/13/2025,10,0
4/13/2025,11,1
4/13/2025,12,3
4/13/2025,13,0
4/13/2025,14,0
4/13/2025,15,1
4/13/2025,16,2
4/13/2025,17,0
4/13/2025,21,0
4/13/2025,22,0
4/13/2025,23,0
4/14/2025,0,0
4/14/2025,1,0
4/14/2025,2,0
4/14/2025,3,0
4/14/2025,4,0
4/14/2025,6,0
4/14/2025,7,0
4/14/2025,8,0
4/14/2025,9,0
4/14/2025,10,3
4/14/2025,11,6
4/14/2025,12,4
4/14/2025,13,18
4/14/2025,14,3
4/14/2025,15,4
4/14/2025,16,11
4/14/2025,17,1
4/14/2025,18,2
4/14/2025,19,4
4/14/2025,20,0
4/14/2025,21,1
4/14/2025,22,0
4/14/2025,23,0
4/15/2025,0,0
4/15/2025,1,0
4/15/2025,2,0
4/15/2025,3,0
4/15/2025,4,0
4/15/2025,5,0
4/15/2025,6,0
4/15/2025,7,0
4/15/2025,8,2
4/15/2025,9,0
4/15/2025,10,1
4/15/2025,11,1
4/15/2025,12,4
4/15/2025,13,14
4/15/2025,14,4
4/15/2025,15,4
4/15/2025,16,7
4/15/2025,17,0
4/15/2025,18,0
4/15/2025,19,0
4/15/2025,20,1
4/15/2025,21,2
4/15/2025,22,0
4/15/2025,23,0
4/16/2025,0,0
4/16/2025,1,0
4/16/2025,2,0
4/16/2025,3,0
4/16/2025,5,1
4/16/2025,6,1
4/16/2025,7,0
4/16/2025,8,2
4/16/2025,9,1
4/16/2025,10,0
4/16/2025,11,1
4/16/2025,12,0
4/16/2025,13,6
4/16/2025,14,10
4/16/2025,15,2
4/16/2025,16,3
4/16/2025,17,0
4/16/2025,18,0
4/16/2025,19,4
4/16/2025,20,0
4/16/2025,21,3
4/16/2025,22,4
4/16/2025,23,1
4/17/2025,0,0
4/17/2025,1,0
4/17/2025,2,0
4/17/2025,3,0
4/17/2025,4,0
4/17/2025,5,0
4/17/2025,6,0
4/17/2025,7,1
4/17/2025,8,3
4/17/2025,9,2
4/17/2025,10,4
4/17/2025,11,6
4/17/2025,12,0
4/17/2025,13,2
4/17/2025,14,5
4/17/2025,15,6
4/17/2025,16,6
4/17/2025,17,0
4/17/2025,18,1
4/17/2025,19,0
4/17/2025,20,2
4/17/2025,21,7
4/17/2025,22,0
4/17/2025,23,0
4/18/2025,0,0
4/18/2025,1,0
4/18/2025,2,0
4/18/2025,7,0
4/18/2025,8,1
4/18/2025,9,1
4/18/2025,10,2
4/18/2025,11,0
4/18/2025,12,0
4/18/2025,13,0
4/18/2025,14,1
4/18/2025,15,5
4/18/2025,16,3
4/18/2025,17,0
4/18/2025,18,0
4/18/2025,19,0
4/18/2025,20,0
4/18/2025,21,0
4/18/2025,22,0
4/18/2025,23,0
4/19/2025,0,0
4/19/2025,1,0
4/19/2025,6,0
4/19/2025,8,0
4/19/2025,9,0
4/19/2025,10,0
4/19/2025,11,0
4/19/2025,12,0
4/19/2025,13,5
4/19/2025,14,2
4/19/2025,15,1
4/19/2025,16,6
4/19/2025,17,1
4/19/2025,18,0
4/19/2025,19,0
4/19/2025,20,0
4/19/2025,21,2
4/19/2025,22,0
4/19/2025,23,0
4/20/2025,0,0
4/20/2025,2,0
4/20/2025,7,0
4/20/2025,8,0
4/20/2025,9,1
4/20/2025,10,0
4/20/2025,11,0
4/20/2025,12,0
4/20/2025,13,0
4/20/2025,14,2
4/20/2025,15,0
4/20/2025,16,0
4/20/2025,17,0
4/20/2025,18,1
4/20/2025,19,0
4/20/2025,20,0
4/20/2025,21,0
4/20/2025,22,0
4/20/2025,23,0
4/21/2025,0,0
4/21/2025,5,0
4/21/2025,6,0
4/21/2025,7,0
4/21/2025,8,0
4/21/2025,9,0
4/21/2025,10,0
4/21/2025,11,1
4/21/2025,12,3
4/21/2025,13,0
4/21/2025,14,0
4/21/2025,15,0
4/21/2025,16,1
4/21/2025,17,6
4/21/2025,18,0
4/21/2025,19,0
4/21/2025,20,0
4/21/2025,21,0
4/21/2025,22,0
4/21/2025,23,0
4/22/2025,0,0
4/22/2025,2,0
4/22/2025,3,0
4/22/2025,5,5
4/22/2025,6,0
4/22/2025,7,0
4/22/2025,8,2
4/22/2025,9,1
4/22/2025,10,2
4/22/2025,11,7
4/22/2025,12,1
4/22/2025,13,2
4/22/2025,14,4
4/22/2025,15,9
4/22/2025,16,8
4/22/2025,17,1
4/22/2025,18,1
4/22/2025,19,0
4/22/2025,20,0
4/22/2025,21,9
4/22/2025,22,3
4/22/2025,23,3
4/23/2025,0,5
4/23/2025,1,0
4/23/2025,2,0
4/23/2025,3,0
4/23/2025,6,0
4/23/2025,7,0
4/23/2025,8,0
4/23/2025,9,0
4/23/2025,10,2
4/23/2025,11,1
4/23/2025,12,1
4/23/2025,13,13
4/23/2025,14,5
4/23/2025,15,11
4/23/2025,16,6
4/23/2025,17,1
4/23/2025,18,7
4/23/2025,19,1
4/23/2025,20,3
4/23/2025,21,0
4/23/2025,22,0
4/23/2025,23,0
4/24/2025,0,1
4/24/2025,1,0
4/24/2025,2,0
4/24/2025,3,0
4/24/2025,5,0
4/24/2025,6,0
4/24/2025,7,0
4/24/2025,8,0
4/24/2025,9,4
4/24/2025,10,4
4/24/2025,11,4
4/24/2025,12,8
4/24/2025,13,3
4/24/2025,14,3
4/24/2025,15,9
4/24/2025,16,4
4/24/2025,17,0
4/24/2025,18,0
4/24/2025,19,0
4/24/2025,20,0
4/24/2025,21,0
4/24/2025,22,2
4/24/2025,23,8
4/25/2025,0,3
4/25/2025,1,0
4/25/2025,2,0
4/25/2025,3,0
4/25/2025,4,1
4/25/2025,6,0
4/25/2025,7,0
4/25/2025,8,0
4/25/2025,9,0
4/25/2025,10,6
4/25/2025,11,3
4/25/2025,12,2
4/25/2025,13,2
4/25/2025,14,1
4/25/2025,15,5
4/25/2025,16,5
4/25/2025,17,0
4/25/2025,18,0
4/25/2025,19,0
4/25/2025,20,0
4/25/2025,21,5
4/25/2025,22,3
4/25/2025,23,0
4/26/2025,0,0
4/26/2025,1,0
4/26/2025,2,0
4/26/2025,3,0
4/26/2025,4,0
4/26/2025,5,0
4/26/2025,6,0
4/26/2025,7,1
4/26/2025,8,0
4/26/2025,9,0
4/26/2025,10,0
4/26/2025,11,1
4/26/2025,12,1
4/26/2025,13,6
4/26/2025,14,6
4/26/2025,15,1
4/26/2025,16,0
4/26/2025,17,1
4/26/2025,18,0
4/26/2025,19,3
4/26/2025,20,1
4/26/2025,21,0
4/26/2025,22,0
4/26/2025,23,0
4/27/2025,3,0
4/27/2025,5,0
4/27/2025,6,0
4/27/2025,7,0
4/27/2025,8,0
4/27/2025,9,1
4/27/2025,10,0
4/27/2025,11,4
4/27/2025,12,0
4/27/2025,13,2
4/27/2025,14,1
4/27/2025,15,1
4/27/2025,16,0
4/27/2025,17,0
4/27/2025,18,0
4/27/2025,19,0
4/27/2025,20,3
4/27/2025,21,4
4/27/2025,22,0
4/27/2025,23,0
4/28/2025,0,0
4/28/2025,1,0
4/28/2025,3,0
4/28/2025,5,0
4/28/2025,6,0
4/28/2025,7,0
4/28/2025,8,0
4/28/2025,9,1
4/28/2025,10,0
4/28/2025,11,3
4/28/2025,12,0
4/28/2025,13,3
4/28/2025,14,4
4/28/2025,15,2
4/28/2025,16,0
4/28/2025,17,0
4/28/2025,18,0
4/28/2025,19,3
4/28/2025,20,0
4/28/2025,21,0
4/28/2025,22,0
4/28/2025,23,0
4/29/2025,0,0
4/29/2025,1,0
4/29/2025,2,0
4/29/2025,3,0
4/29/2025,4,0
4/29/2025,5,0
4/29/2025,6,0
4/29/2025,7,0
4/29/2025,8,0
4/29/2025,9,2
4/29/2025,10,4
4/29/2025,11,3
4/29/2025,12,2
4/29/2025,13,16
4/29/2025,14,11
4/29/2025,15,11
4/29/2025,16,4
4/29/2025,17,2
4/29/2025,18,3
4/29/2025,19,0
4/29/2025,20,1
4/29/2025,21,1
4/29/2025,22,0
4/29/2025,23,0
4/30/2025,0,0
4/30/2025,1,0
4/30/2025,2,0
4/30/2025,3,0
4/30/2025,4,0
4/30/2025,5,0
4/30/2025,6,0
4/30/2025,7,2
4/30/2025,8,0
4/30/2025,9,5
4/30/2025,10,4
4/30/2025,11,6
4/30/2025,12,3
4/30/2025,13,3
4/30/2025,14,2
4/30/2025,15,1
4/30/2025,16,8
4/30/2025,17,0
4/30/2025,18,1
4/30/2025,19,2
4/30/2025,20,1
4/30/2025,21,1
4/30/2025,22,0
4/30/2025,23,0
5/1/2025,0,0
5/1/2025,1,0
5/1/2025,2,0
5/1/2025,3,0
5/1/2025,4,0
5/1/2025,5,0
5/1/2025,6,0
5/1/2025,7,0
5/1/2025,8,0
5/1/2025,9,0
5/1/2025,10,1
5/1/2025,11,3
5/1/2025,12,0
5/1/2025,13,5
5/1/2025,14,1
5/1/2025,15,0
5/1/2025,16,0
5/1/2025,17,1
5/1/2025,18,1
5/1/2025,19,4
5/1/2025,20,1
5/1/2025,21,0
5/1/2025,22,0
5/1/2025,23,0
5/2/2025,0,0
5/2/2025,1,0
5/2/2025,2,0
5/2/2025,3,0
5/2/2025,4,0
5/2/2025,5,0
5/2/2025,6,2
5/2/2025,7,0
5/2/2025,8,4
5/2/2025,9,1
5/2/2025,10,1
5/2/2025,11,2
5/2/2025,12,5
5/2/2025,13,3
5/2/2025,14,12
5/2/2025,15,5
5/2/2025,16,6
5/2/2025,17,2
5/2/2025,18,0
5/2/2025,19,0
5/2/2025,20,4
5/2/2025,21,0
5/2/2025,22,0
5/2/2025,23,0
5/3/2025,0,0
5/3/2025,1,0
5/3/2025,2,0
5/3/2025,3,0
5/3/2025,5,0
5/3/2025,6,0
5/3/2025,7,0
5/3/2025,8,1
5/3/2025,9,0
5/3/2025,10,0
5/3/2025,11,2
5/3/2025,12,1
5/3/2025,13,0
5/3/2025,14,3
5/3/2025,15,0
5/3/2025,16,3
5/3/2025,17,3
5/3/2025,18,0
5/3/2025,19,0
5/3/2025,20,0
5/3/2025,21,0
5/3/2025,22,0
5/3/2025,23,0
5/4/2025,0,0
5/4/2025,1,0
5/4/2025,2,0
5/4/2025,3,0
5/4/2025,5,0
5/4/2025,6,0
5/4/2025,7,0
5/4/2025,8,0
5/4/2025,9,0
5/4/2025,10,0
5/4/2025,11,2
5/4/2025,12,4
5/4/2025,13,0
5/4/2025,14,1
5/4/2025,15,0
5/4/2025,16,0
5/4/2025,17,2
5/4/2025,18,0
5/4/2025,19,0
5/4/2025,20,0
5/4/2025,21,2
5/4/2025,22,0
5/4/2025,23,0
5/5/2025,0,0
5/5/2025,1,0
5/5/2025,2,0
5/5/2025,3,0
5/5/2025,4,0
5/5/2025,5,0
5/5/2025,6,0
5/5/2025,7,1
5/5/2025,8,1
5/5/2025,9,3
5/5/2025,10,4
5/5/2025,11,1
5/5/2025,12,0
5/5/2025,13,0
5/5/2025,14,11
5/5/2025,15,15
5/5/2025,16,9
5/5/2025,17,3
5/5/2025,18,0
5/5/2025,19,2
5/5/2025,20,1
5/5/2025,21,0
5/5/2025,22,0
5/5/2025,23,0
5/6/2025,0,0
5/6/2025,1,0
5/6/2025,2,1
5/6/2025,3,0
5/6/2025,4,0
5/6/2025,5,0
5/6/2025,6,0
5/6/2025,7,0
5/6/2025,8,2
5/6/2025,9,2
5/6/2025,10,2
5/6/2025,11,1
5/6/2025,12,0
5/6/2025,13,2
5/6/2025,14,6
5/6/2025,15,4
5/6/2025,16,2
5/6/2025,17,1
5/6/2025,18,4
5/6/2025,19,0
5/6/2025,20,3
5/6/2025,21,3
5/6/2025,22,2
5/6/2025,23,3
5/7/2025,0,3
5/7/2025,2,0
5/7/2025,3,0
5/7/2025,4,0
5/7/2025,5,0
5/7/2025,6,0
5/7/2025,7,0
5/7/2025,8,3
5/7/2025,9,3
5/7/2025,10,0
5/7/2025,11,1
5/7/2025,12,4
5/7/2025,13,1
5/7/2025,14,3
5/7/2025,15,3
5/7/2025,16,5
5/7/2025,17,3
5/7/2025,18,5
5/7/2025,19,4
5/7/2025,20,0
5/7/2025,21,4
5/7/2025,22,2
5/7/2025,23,0
5/8/2025,0,0
5/8/2025,1,0
5/8/2025,2,0
5/8/2025,3,0
5/8/2025,4,0
5/8/2025,5,0
5/8/2025,6,0
5/8/2025,7,1
5/8/2025,8,0
5/8/2025,9,0
5/8/2025,10,0
5/8/2025,11,1
5/8/2025,12,1
5/8/2025,13,5
5/8/2025,14,8
5/8/2025,15,5
5/8/2025,16,8
5/8/2025,17,1
5/8/2025,18,0
5/8/2025,19,3
5/8/2025,20,0
5/8/2025,21,2
5/8/2025,22,0
5/8/2025,23,0
5/9/2025,0,0
5/9/2025,2,0
5/9/2025,3,0
5/9/2025,4,0
5/9/2025,5,0
5/9/2025,6,0
5/9/2025,7,0
5/9/2025,8,1
5/9/2025,9,2
5/9/2025,10,0
5/9/2025,11,0
5/9/2025,12,0
5/9/2025,13,0
5/9/2025,14,0
5/9/2025,15,7
5/9/2025,16,1
5/9/2025,17,4
5/9/2025,18,2
5/9/2025,19,6
5/9/2025,20,1
5/9/2025,21,4
5/9/2025,22,2
5/9/2025,23,0
5/10/2025,0,1
5/10/2025,1,1
5/10/2025,2,0
5/10/2025,3,0
5/10/2025,4,0
5/10/2025,6,0
5/10/2025,7,0
5/10/2025,8,0
5/10/2025,9,0
5/10/2025,10,0
5/10/2025,11,0
5/10/2025,12,0
5/10/2025,13,0
5/10/2025,14,1
5/10/2025,15,2
5/10/2025,16,1
5/10/2025,17,0
5/10/2025,18,0
5/10/2025,19,0
5/10/2025,20,0
5/10/2025,21,0
5/10/2025,22,0
5/10/2025,23,0
5/11/2025,3,0
5/11/2025,4,0
5/11/2025,5,0
5/11/2025,6,0
5/11/2025,7,0
5/11/2025,8,0
5/11/2025,9,0
5/11/2025,10,0
5/11/2025,11,0
5/11/2025,12,0
5/11/2025,13,0
5/11/2025,14,0
5/11/2025,15,0
5/11/2025,16,0
5/11/2025,17,0
5/11/2025,18,0
5/11/2025,19,1
5/11/2025,20,1
5/11/2025,21,1
5/11/2025,22,2
5/11/2025,23,0
5/12/2025,0,1
5/12/2025,1,0
5/12/2025,2,0
5/12/2025,3,0
5/12/2025,4,0
5/12/2025,6,0
5/12/2025,7,0
5/12/2025,8,0
5/12/2025,9,1
5/12/2025,10,0
5/12/2025,11,0
5/12/2025,12,0
5/12/2025,13,0
5/12/2025,14,1
5/12/2025,15,11
5/12/2025,16,6
5/12/2025,17,2
5/12/2025,18,10
5/12/2025,19,12
5/12/2025,20,7
5/12/2025,21,7
5/12/2025,22,8
5/12/2025,23,0
5/13/2025,0,0
5/13/2025,1,0
5/13/2025,2,0
5/13/2025,4,0
5/13/2025,6,0
5/13/2025,7,0
5/13/2025,8,0
5/13/2025,9,1
5/13/2025,10,0
5/13/2025,11,0
5/13/2025,12,3
5/13/2025,13,6
5/13/2025,14,14
5/13/2025,15,10
5/13/2025,16,2
5/13/2025,17,1
5/13/2025,18,3
5/13/2025,19,1
5/13/2025,20,1
5/13/2025,21,3
5/13/2025,22,3
5/13/2025,23,2
5/14/2025,0,0
5/14/2025,1,2
5/14/2025,2,1
5/14/2025,3,0
5/14/2025,4,0
5/14/2025,6,0
5/14/2025,7,1
5/14/2025,8,1
5/14/2025,9,1
5/14/2025,10,1
5/14/2025,11,0
5/14/2025,12,8
5/14/2025,13,3
5/14/2025,14,8
5/14/2025,15,7
5/14/2025,16,5
5/14/2025,17,1
5/14/2025,18,1
5/14/2025,19,5
5/14/2025,20,4
5/14/2025,21,9
5/14/2025,22,4
5/14/2025,23,1
5/15/2025,0,0
5/15/2025,1,0
5/15/2025,2,0
5/15/2025,3,0
5/15/2025,5,0
5/15/2025,7,0
5/15/2025,8,0
5/15/2025,9,0
5/15/2025,10,0
5/15/2025,11,3
5/15/2025,12,1
5/15/2025,13,6
5/15/2025,14,12
5/15/2025,15,5
5/15/2025,16,3
5/15/2025,17,0
5/15/2025,18,4
5/15/2025,19,0
5/15/2025,20,5
5/15/2025,21,8
5/15/2025,22,0
5/15/2025,23,0
5/16/2025,0,0
5/16/2025,1,0
5/16/2025,2,0
5/16/2025,3,0
5/16/2025,4,0
5/16/2025,5,0
5/16/2025,6,0
5/16/2025,7,0
5/16/2025,8,1
5/16/2025,9,6
5/16/2025,10,5
5/16/2025,11,4
5/16/2025,12,5
5/16/2025,13,1
5/16/2025,14,2
5/16/2025,15,5
5/16/2025,16,3
5/16/2025,17,1
5/16/2025,18,2
5/16/2025,19,5
5/16/2025,20,2
5/16/2025,21,10
5/16/2025,22,2
5/16/2025,23,1
5/17/2025,0,2
5/17/2025,1,1
5/17/2025,2,0
5/17/2025,3,0
5/17/2025,4,0
5/17/2025,5,0
5/17/2025,6,0
5/17/2025,7,0
5/17/2025,8,0
5/17/2025,9,0
5/17/2025,10,3
5/17/2025,11,1
5/17/2025,12,0
5/17/2025,13,0
5/17/2025,14,0
5/17/2025,15,0
5/17/2025,16,2
5/17/2025,17,2
5/17/2025,18,4
5/17/2025,19,0
5/17/2025,20,0
5/17/2025,21,0
5/17/2025,22,4
5/17/2025,23,0
5/18/2025,0,0
5/18/2025,1,0
5/18/2025,2,0
5/18/2025,3,0
5/18/2025,6,0
5/18/2025,7,0
5/18/2025,8,0
5/18/2025,9,0
5/18/2025,10,0
5/18/2025,11,2
5/18/2025,12,5
5/18/2025,13,4
5/18/2025,14,2
5/18/2025,15,3
5/18/2025,16,1
5/18/2025,17,0
5/18/2025,18,0
5/18/2025,19,0
5/18/2025,20,0
5/18/2025,21,2
5/18/2025,22,0
5/18/2025,23,0
5/19/2025,0,0
5/19/2025,1,0
5/19/2025,2,0
5/19/2025,5,0
5/19/2025,6,0
5/19/2025,7,0
5/19/2025,8,0
5/19/2025,9,1
5/19/2025,10,2
5/19/2025,11,9
5/19/2025,12,3
5/19/2025,13,1
5/19/2025,14,4
5/19/2025,15,2
5/19/2025,16,7
5/19/2025,17,0
5/19/2025,18,0
5/19/2025,19,0
5/19/2025,20,6
5/19/2025,21,1
5/19/2025,22,0
5/19/2025,23,3
5/20/2025,0,0
5/20/2025,2,0
5/20/2025,3,0
5/20/2025,4,0
5/20/2025,6,0
5/20/2025,7,0
5/20/2025,8,0
5/20/2025,9,4
5/20/2025,10,3
5/20/2025,11,2
5/20/2025,12,2
5/20/2025,13,0
5/20/2025,14,4
5/20/2025,15,4
5/20/2025,16,5
5/20/2025,17,1
5/20/2025,18,0
5/20/2025,19,0
5/20/2025,20,1
5/20/2025,21,0
5/20/2025,22,4
5/20/2025,23,5
5/21/2025,0,0
5/21/2025,1,0
5/21/2025,2,0
5/21/2025,3,0
5/21/2025,4,0
5/21/2025,5,0
5/21/2025,6,0
5/21/2025,7,0
5/21/2025,8,2
5/21/2025,9,5
5/21/2025,10,3
5/21/2025,11,2
5/21/2025,12,11
5/21/2025,13,1
5/21/2025,14,3
5/21/2025,15,9
5/21/2025,16,5
5/21/2025,17,0
5/21/2025,18,0
5/21/2025,19,2
5/21/2025,20,1
5/21/2025,21,4
5/21/2025,22,0
5/21/2025,23,0
5/22/2025,0,0
5/22/2025,1,0
5/22/2025,2,0
5/22/2025,3,0
5/22/2025,4,0
5/22/2025,5,0
5/22/2025,6,0
5/22/2025,7,2
5/22/2025,8,1
5/22/2025,9,2
5/22/2025,10,3
5/22/2025,11,5
5/22/2025,12,1
5/22/2025,13,4
5/22/2025,14,7
5/22/2025,15,5
5/22/2025,16,2
5/22/2025,17,1
5/22/2025,18,0
5/22/2025,19,1
5/22/2025,20,4
5/22/2025,21,1
5/22/2025,22,6
5/22/2025,23,0
5/23/2025,0,0
5/23/2025,1,0
5/23/2025,2,0
5/23/2025,3,0
5/23/2025,4,0
5/23/2025,5,0
5/23/2025,6,0
5/23/2025,7,1
5/23/2025,8,0
5/23/2025,9,4
5/23/2025,10,3
5/23/2025,11,0
5/23/2025,12,2
5/23/2025,13,6
5/23/2025,14,7
5/23/2025,15,6
5/23/2025,16,7
5/23/2025,17,2
5/23/2025,18,0
5/23/2025,19,0
5/23/2025,20,0
5/23/2025,21,1
5/23/2025,22,1
5/23/2025,23,0
5/24/2025,0,2
5/24/2025,1,2
5/24/2025,2,0
5/24/2025,3,0
5/24/2025,6,0
5/24/2025,7,0
5/24/2025,8,1
5/24/2025,9,0
5/24/2025,10,0
5/24/2025,11,1
5/24/2025,12,0
5/24/2025,13,1
5/24/2025,14,1
5/24/2025,15,0
5/24/2025,16,0
5/24/2025,17,0
5/24/2025,18,0
5/24/2025,19,0
5/24/2025,20,3
5/24/2025,21,6
5/24/2025,22,0
5/24/2025,23,0
5/25/2025,0,0
5/25/2025,2,0
5/25/2025,3,0
5/25/2025,6,0
5/25/2025,7,0
5/25/2025,8,1
5/25/2025,9,0
5/25/2025,10,0
5/25/2025,11,0
5/25/2025,12,1
5/25/2025,13,0
5/25/2025,14,2
5/25/2025,15,1
5/25/2025,16,1
5/25/2025,17,0
5/25/2025,18,1
5/25/2025,19,0
5/25/2025,20,0
5/25/2025,21,0
5/25/2025,22,0
5/25/2025,23,0
5/26/2025,0,0
5/26/2025,1,0
5/26/2025,2,0
5/26/2025,3,0
5/26/2025,5,0
5/26/2025,6,0
5/26/2025,7,0
5/26/2025,8,3
5/26/2025,9,0
5/26/2025,10,1
5/26/2025,11,3
5/26/2025,12,3
5/26/2025,13,14
5/26/2025,14,6
5/26/2025,15,13
5/26/2025,16,10
5/26/2025,17,2
5/26/2025,18,7
5/26/2025,19,0
5/26/2025,20,1
5/26/2025,21,1
5/26/2025,22,1
5/26/2025,23,0
5/27/2025,0,0
5/27/2025,1,0
5/27/2025,2,0
5/27/2025,3,0
5/27/2025,4,0
5/27/2025,5,0
5/27/2025,6,0
5/27/2025,7,0
5/27/2025,8,1
5/27/2025,9,4
5/27/2025,10,4
5/27/2025,11,2
5/27/2025,12,1
5/27/2025,13,5
5/27/2025,14,3
5/27/2025,15,9
5/27/2025,16,5
5/27/2025,17,1
5/27/2025,18,1
5/27/2025,19,0
5/27/2025,20,2
5/27/2025,21,2
5/27/2025,22,1
5/27/2025,23,0
5/28/2025,0,0
5/28/2025,2,0
5/28/2025,3,0
5/28/2025,4,0
5/28/2025,5,0
5/28/2025,6,0
5/28/2025,7,3
5/28/2025,8,1
5/28/2025,9,2
5/28/2025,10,3
5/28/2025,11,1
5/28/2025,12,6
5/28/2025,13,5
5/28/2025,14,1
5/28/2025,15,10
5/28/2025,16,5
5/28/2025,17,1
5/28/2025,18,1
5/28/2025,19,1
5/28/2025,20,3
5/28/2025,21,0
5/28/2025,22,1
5/28/2025,23,0
5/29/2025,0,0
5/29/2025,1,0
5/29/2025,2,0
5/29/2025,3,0
5/29/2025,4,0
5/29/2025,5,0
5/29/2025,6,0
5/29/2025,7,0
5/29/2025,8,1
5/29/2025,9,3
5/29/2025,10,8
5/29/2025,11,6
5/29/2025,12,0
5/29/2025,13,4
5/29/2025,14,7
5/29/2025,15,6
5/29/2025,16,6
5/29/2025,17,0
5/29/2025,18,0
5/29/2025,19,0
5/29/2025,20,0
5/29/2025,21,0
5/29/2025,22,0
5/29/2025,23,1
5/30/2025,0,0
5/30/2025,1,0
5/30/2025,3,0
5/30/2025,4,0
5/30/2025,5,0
5/30/2025,6,1
5/30/2025,7,2
5/30/2025,8,0
5/30/2025,9,2
5/30/2025,10,4
5/30/2025,11,0
5/30/2025,12,1
5/30/2025,13,5
5/30/2025,14,4
5/30/2025,15,6
5/30/2025,16,4
5/30/2025,17,0
5/30/2025,18,0
5/30/2025,19,0
5/30/2025,20,2
5/30/2025,21,2
5/30/2025,22,1
5/30/2025,23,0
5/31/2025,0,0
5/31/2025,1,1
5/31/2025,2,0
5/31/2025,3,0
5/31/2025,5,0
5/31/2025,6,0
5/31/2025,7,0
5/31/2025,8,0
5/31/2025,9,0
5/31/2025,10,0
5/31/2025,11,1
5/31/2025,12,1
5/31/2025,13,1
5/31/2025,14,3
5/31/2025,15,1
5/31/2025,16,0
5/31/2025,17,2
5/31/2025,18,1
5/31/2025,19,0
5/31/2025,20,0
5/31/2025,21,0
5/31/2025,22,0
5/31/2025,23,0
